feature1,feature2,feature3,feature4,feature5,label
1.1844358621108815,1.7234068248924617,3.893271265187866,4.066432398641899,-1.2733981026584558,0
2.0153975744237504,-1.7347056667493486,1.2149798532894445,1.899508404610714,3.148076425881288,1
3.152108028975734,-1.283746863749796,2.498537425373038,1.6021496067782741,-1.1176530706454142,1
1.8719963632131418,1.2486875836600786,0.6822919380384125,1.4785609596280809,-2.59585702828855,0
1.911761280414256,1.268308948762439,1.2374345739689852,3.7613002196521124,-1.143013884719579,0
1.4103911009259826,-0.8837445030479749,1.6605862576206287,2.0475850169102268,2.7535571432978125,1
2.081898916831898,-1.3127996038499357,2.6832554260380146,1.8512867712921914,1.221216307207823,1
-0.02366922227505741,-3.4402014420532963,2.912903925057339,2.9221727397739166,3.9516649689003227,1
0.16531546606120995,-1.4709711602884568,2.058515060050304,2.376153508869731,2.2760898003515506,1
3.315495266459889,-1.6283219944190537,1.2146563673822126,2.0620108826668098,2.2061237907979496,1
1.0813444486666475,2.5500241684656464,3.9940247723912474,2.363105538352406,-2.9738152228632395,0
1.4034514298717888,-1.3019744572762697,2.2097822450463322,1.960158959604986,1.6141681191211232,1
4.690303598759762,-1.986499610079495,1.1727254223697847,2.631245520557349,1.9344435390595573,1
2.8728544531505955,1.54743920361829,-0.521008873615409,-0.040493481046232294,-2.638599526748851,0
1.8265143308499996,-1.1696540819033159,1.3073906238243986,2.029003414895963,0.8726524388737613,1
0.8260268132350619,1.6515729157045478,4.464411448984969,4.3446561485512305,-1.3191435076306943,0
2.580351497107264,-1.2885084341154531,1.5261215940328885,2.9252464185255223,0.7245449255047263,1
2.785261786919578,-2.3727768452322815,2.271066801025847,2.2833387602716653,1.847199666242495,1
1.161341752003259,2.246603864917042,3.346868230644147,3.313007132246825,-2.8895594827219835,0
1.6848188725210351,-2.985542947881521,0.7461110337007753,1.282932413189424,4.558794934415301,1
3.2640515869850892,-1.6187480658737485,1.1439236256945196,1.890646740528442,-0.5090316433039632,1
2.8442954059419696,2.4594065665315403,0.6191327738447838,1.4839724957632718,-1.6607956358113176,0
5.247312531782114,-1.317881837576532,1.0485427151230073,3.596871751107313,0.37647896512926016,1
2.128669111286976,-2.309495110364273,2.007682984344419,2.0311586183678743,4.141860828407563,1
3.4748555228350995,-1.649765495339886,0.6565029854266118,3.2158444374181165,2.5196601805461603,1
2.098125341926799,-3.367565571154183,1.976851001090505,1.3521030520697686,4.6168383943800055,1
1.7112608944096577,-3.1589112771279755,1.7317380066724644,-0.04031819931103042,2.5927801084046362,1
2.577190659596714,2.5815361151810547,1.05337684912379,1.4748418362847884,-2.0714987473537887,0
3.2408263392244274,-2.3545246598887113,2.7867954310471656,3.1698529272252074,1.9673437460141505,1
3.822638995418738,2.841395900382263,-0.06958371535778651,0.8135210849317391,-0.5316749165117227,0
1.7953419700215028,-1.4983514806982337,2.7563846751718106,1.1732324599871795,-0.45532095556464913,1
3.4887225476838557,3.1740414309627445,1.270853393100715,1.3294210588193534,-0.9197092084948975,0
2.707948875804731,-2.1383958505728304,1.888491505286994,1.545156985318078,0.9410493475857786,1
1.5205089771520819,-2.914365746849131,1.7982328163786492,1.7368379911469698,3.2965039232804676,1
2.239891301607228,2.5397986874064573,1.8367108469754714,1.4873968772740818,-2.1518474244539,0
2.0070771943140087,-2.186059855714591,2.662167623304571,2.9891926423658846,1.8644676607436594,1
3.1392854744245127,-0.9369749218206407,2.5233437442078834,1.7674982414717266,1.4136693310103707,1
2.5853502735580127,2.70220878626174,0.9703805939333221,-0.19160028576397226,-3.023426462314176,0
1.19955039749662,1.8994051238369947,4.619343976146881,3.7093463432598086,-1.832277732976749,0
2.4770654246243917,1.5578302688590266,1.8040694161440183,1.8926936350364487,-1.1936140617234676,0
3.025960298951574,2.462913094566622,2.1247799778627434,2.281326822103986,-0.48591125268502355,0
3.2895954267254055,3.081496807374506,1.8554749228818948,1.6305945364205185,-1.1778701032783458,0
2.0668391257689693,2.747405711223779,3.4802626754769004,3.3407910482457726,-0.4853109697116982,0
2.6333894492397003,-1.3220154807990703,1.8278229172230531,1.9250002588688129,-0.13282626576055012,1
1.120802147133868,1.112337605747204,1.3586159838738299,1.0551836498294436,-3.9477301112133985,0
-0.493785932576436,-3.448747797291647,2.259296374059514,0.6514576893140194,2.6959693299897243,1
2.638844220090953,1.848275530849866,0.256181813127879,0.21562200654745323,-2.939510590714332,0
0.12956768010688013,-2.163667504161963,1.7569104407795653,2.4974964468530434,2.8049528193038826,1
2.7467755460136045,-0.9640256261552729,1.0723973748610294,2.3610071787250244,1.3005287104468222,1
1.0359039774890668,-3.285338768447553,2.94774405860403,1.626389413176872,3.869239694175082,1
-0.21982238268231136,-2.700226868918321,2.4282044276746566,1.2549234920680141,3.1453249329303445,1
4.922312538538694,-2.0664769066034516,2.5730588698390533,1.2324428287277773,1.281870924326341,1
2.357319844555589,-1.8633202795267667,2.428672626473869,3.952670593294482,2.5478443247405282,1
1.8690639843535624,1.9131815379584405,2.2597476330263637,1.6815178699341002,-2.418007133055464,0
1.572225049511653,1.4299518357565932,1.4135165452408764,1.6592214854254013,-3.1726377001635395,0
0.29279417827787246,-2.095080505408891,1.2055071242507194,2.0491156690221346,1.6772830334580646,1
1.4682639501104462,1.280088941808048,1.3010958539512094,1.9031803815981791,-2.9032693750164187,0
0.33872930073375684,-2.675579978102809,2.1606680490715577,0.9089067905479051,3.3556554110010532,1
1.9469516954962343,1.5932258983693166,1.3397664220970171,1.0600750310982148,-2.672387526409197,0
1.7425170193167987,2.4802631607621795,2.6199578995739317,1.9031412188666816,-2.937284797829111,0
1.9733632258171425,1.9662438178462056,2.1512697387538022,2.887201895189812,-1.0455699769710844,0
0.19707628537791422,1.4210774845309104,3.046595660094706,1.754079219971092,-4.922470597395144,0
1.115899069725419,2.6746057498766755,4.534071789888155,2.0699576822680794,-3.684483931282416,0
2.077748476404088,-2.1116592440259514,1.0842152993672678,1.0659158941065443,-0.07699311003531184,1
1.643386644331509,2.001577141694541,1.3117984552173372,0.5591622595334713,-3.746841923635824,0
0.07786877860676578,-1.8940317488531757,3.665552083011775,1.5862601692992746,1.6829107299156705,1
2.5463095826692013,2.743455276368338,2.6125006648912334,2.9939972108636663,-0.9989396954091159,0
2.495369145016313,-2.0322452033572316,2.6382584956094774,0.9518037980635987,-0.3654237021141227,1
0.8122831110015325,1.798279430142288,3.1731386962299464,1.8081324092826032,-3.384381236020957,0
2.9798003105844644,2.2071218648603423,1.5184096923591444,1.7136350822588176,-0.300833721004681,0
0.8735646366665837,1.7376509853042308,4.010634293383141,2.3789369395630597,-2.45984700496257,0
1.194756156085226,1.8320279287675933,2.0085278799539448,1.63403872747161,-3.3763837275948116,0
0.9843623935306056,1.5956972470390074,4.254941852410129,4.862396640041151,-1.3303207892011062,0
1.8120505936153697,1.9989321603780315,3.7604817071896095,2.0948767374771964,-1.9802753384105776,0
2.2269691503764126,1.9258809212013617,2.208022089152704,3.145327919452646,-0.9837858788381197,0
2.3737604124849483,-1.921792464103675,1.7990878225323044,1.795994828526458,0.848600186389906,1
0.8491992180736401,-1.5682263762480624,2.4207565745423274,1.3329860973213754,1.3974812695326824,1
2.058155377816807,1.6517429846024299,0.7653342696806253,0.3533240520277492,-3.240856444162068,0
1.7962625680735553,-1.8024441077940172,-0.31253461094148927,2.8792586491966228,2.1088714209998307,1
0.5787483953934855,-3.559616186883745,2.854842160846185,1.0775269367214593,4.0464956998394666,1
3.0437368924193153,-0.854342945185105,1.821460155183741,3.5101477740733866,1.7740740509661974,1
0.6015080364191518,-3.5560500782470665,2.6684893381348727,1.889495600436823,4.7624980313660075,1
1.9350663193087987,2.3213699790423097,4.458337009528863,3.901847035400203,-0.2684410206759029,0
1.692858366637354,2.6323995540302274,2.032044866265797,1.5739749575886453,-3.031876342580978,0
2.6839345202478087,1.7637427564965984,-0.3543579756390307,0.21235737983822855,-2.317728203441538,0
4.1702174799917096,3.149753736291262,0.048134030206474554,0.4907088014972216,-0.37303482365884255,0
2.6130374366311657,-1.927337866599692,2.1250989393594395,1.8602044544513887,3.0261429779695987,1
1.6537441481799684,-2.271239277079752,2.4104718875866866,1.8709779232898927,1.9409417190632514,1
2.420510026585297,2.5822842784072133,1.4406641722749174,1.2885643674784109,-2.3603116018066412,0
2.9746583364595813,1.87225479777298,0.11658205926826626,0.22292976418607835,-2.3104597729949603,0
1.7102200488425725,-2.4447194505861294,1.1315189626956144,3.059337199928927,3.681027079087918,1
2.4765337260366485,2.3012160950771876,1.4102951249369835,1.548523202154478,-1.8754076427582378,0
1.5163128512174624,1.4925177447492881,2.442380827293564,3.1654263330023067,-1.3869229032313302,0
2.7130873892277743,-1.6300832607897486,1.2338778718666874,2.3920494862171338,0.7585307581582978,1
1.3457026481636873,-2.0626442993079577,3.392671350251226,0.8037599594231675,1.424388368976358,1
0.15419218688589087,-2.0189812129876374,3.795457940933182,0.3972769228526727,1.4801905799331911,1
1.2583455439734066,-2.626146070095864,3.0474707416238456,1.9294478711245817,3.2324962180131704,1
0.7000723616147417,-3.1249189503470105,2.1699882723110653,1.3134280073237188,2.90741708147585,1
2.2799828758257865,-2.0989558955884116,1.635746575472999,1.5582003003636917,2.1166657599467076,1
1.527166140384839,1.5667045566684084,1.6763719056924375,3.0356606084287194,-1.9497218358374497,0
1.8049787267103523,-2.818835698272645,1.8067690978029487,2.457785705712614,3.035951553809306,1
2.039322743181342,-1.701614666731976,3.4466525166587294,0.8038795453466399,0.11359680756195134,1
1.470325723835038,2.491427423660089,4.978583452244399,3.9471382427694266,-0.748317181557361,0
-0.9769831886704816,-2.939846944267017,3.57983087142595,0.573835014091735,3.3389991241918047,1
1.0480216364903043,1.0682488766757405,2.4436085434223624,2.8142480444736617,-2.4631491534127257,0
0.9378974198932732,-2.837343162570093,1.8975549501639732,2.00512009747889,2.938314636176189,1
0.6340658585552179,1.743525887901626,4.656978281372397,4.071369986005081,-1.9621914398703515,0
0.3113345160345553,-2.83536741297924,1.7669276923701867,1.545850388748292,2.298732872000974,1
3.094836038004585,-2.2965926195912174,2.1269925829303995,2.5144492951840336,0.20095869255348053,1
2.791644686832973,3.239282413679337,4.213534596593711,4.1141189822391,0.5194626540932052,0
3.2420802640920394,3.02650479623592,2.9607962536331494,1.4782236563625808,-0.2941269976472025,0
0.9616070658147573,-2.5623507284668476,2.671920882331528,1.346480239519941,1.7517932052819931,1
3.1988555434987385,-0.9097686006381154,3.119583276417867,1.6621914833290825,0.41294746902369894,1
2.1296279955653903,-1.6450292258242134,3.835051854239518,1.6359007940064636,1.9751070383049452,1
1.9292879482329823,-2.67560755906698,2.39350570381058,1.0403367754847108,3.683419809208094,1
1.031119963427948,1.714950081230795,4.102972083331345,3.3192161430195837,-2.1666070957300243,0
-0.24457166575204559,-2.341020347732633,2.634533397543725,2.115227537909826,2.7894571757017204,1
4.08403677966934,3.5619426496345867,2.0005368560027,2.132372076907315,0.67670619782474,0
3.279117917010206,-1.7959460331325472,1.672889929237752,2.0239184145856823,2.6867575608792227,1
3.569492147675607,2.9690614834912576,1.577583712474173,0.7338536975153707,-0.6042757282131463,0
0.7555099455972119,2.417112514642416,4.649613099464266,3.6405959491513444,-2.21067963656552,0
2.237732695071634,-3.0356304768183042,1.72497623834809,0.6296279693323843,3.974980054207097,1
-0.4240019280308762,-4.138187930603957,3.544732574396524,-0.11199580927638886,4.640749028951965,1
1.1356847541519484,1.7994427786333413,2.9451884552312166,2.337388594247822,-2.9672874692280176,0
0.48379660939456515,0.4338910562847267,1.874784602105953,1.8787083000404354,-3.3424909374089107,0
1.6494883470718742,1.5333503033616929,0.3869657456388227,1.0410487780328803,-2.9518900277533944,0
0.8300437463075321,-2.184338191412913,2.7904958527833648,1.3909156673782057,2.1039547222050854,1
2.2569917590878963,-0.7914315720153702,2.369373820422764,3.1529160289458753,0.4913606900506533,1
4.1566285043756395,-0.6520063197403756,1.2890017358914134,3.309730506669415,0.10344314640774166,1
0.2525626471813891,-2.6246596739782566,4.017069648142205,0.7856006576075605,3.1632547212406283,1
1.78089556046219,2.380450915687583,3.0178540538735676,2.122138822968295,-1.8602807283557503,0
2.523342639876983,2.266597275418418,2.381850675579276,2.2400089923267057,-1.1608705429932504,0
4.961463579712687,2.294901418484227,-3.230590665594388,-0.5410463518152953,-0.47583177416402256,0
3.1187619331135177,-1.3248499343725313,0.9705966446395626,2.551094698604872,2.8402653180974275,1
2.5789892691031273,1.7691603701881262,0.7496553935405297,1.200429968504704,-1.225884427910453,0
0.6236749609207417,1.2342863001719764,2.0683006359920033,2.5656996659946216,-2.905268234173547,0
2.5948913415163397,2.9922819582179323,3.5416222143729303,2.236724951069515,-1.6562363972179681,0
3.3839410897079345,1.71258973010102,-1.174361043549525,-0.21893438089840922,-1.530432782287725,0
2.0663644998628334,-1.5679250711662323,2.2605614333902033,1.387147256915318,0.9768583706809408,1
-1.327694743541151,-2.9733660007298823,3.419407828281392,0.5155007650048946,3.1985368317312077,1
2.792261867224857,2.990444710086785,2.800288944151102,3.5826734462362206,-0.16448669399835913,0
2.9000842949464296,1.672983844324806,0.496803654727505,0.6155890334253415,-1.6747347817382983,0
4.156720675729137,-0.8274379534867307,1.2451404795857153,2.852908973094604,0.7658006675362021,1
0.735689870143045,1.0256144161871155,2.849028170076543,3.655876321962319,-2.1528720469093963,0
0.7340492675999357,-2.485679581752409,2.805745050767258,1.6981446192448233,3.257988970185349,1
0.7714118680894175,0.743428640213748,2.0968572054396724,2.625559557524913,-2.8643167680918578,0
1.839759716912804,2.6226675414718734,2.732549807430638,-0.0827220706922982,-3.3490584197369495,0
0.48536597788782165,1.0385007602321727,2.4520077516252172,2.106842367816258,-3.8333256880309023,0
0.8555769754967624,-2.959548604654833,1.6521132970741728,1.0058202586181553,2.513756429610026,1
2.924513704538346,1.8394243424183767,0.7889119362347772,1.9142887454208932,-1.0501083162608096,0
2.7513970350623778,-1.1507410128453923,2.7310531746113518,3.069509636947716,0.556145805902748,1
2.308927714528036,-2.7594918214089934,1.4916500067896532,2.447941846656416,4.125750768221442,1
2.57526545774224,-1.2610859963225742,3.270101855254195,2.4729373783899877,3.1929584382935183,1
1.406236986132577,-1.7999252110441128,1.3772211802299148,3.332748806568586,3.4597108660537823,1
1.5321384259417683,-1.795047436392743,2.703546532677096,0.9356027523951205,0.42189012261856296,1
1.1183753046121385,-1.940716733182487,2.213030970666855,2.296180274887237,2.1364200655996735,1
2.0142421006216193,1.7261026756779492,0.668018657026022,1.5481327278519097,-2.501619008797157,0
1.4841056020226542,-2.1416400695742785,2.39464994713843,0.37218829704060674,2.189179268471194,1
0.6099896653462558,1.7397082841761653,5.432643624217043,5.099293308359796,-1.2951202975901879,0
1.4149909184167673,-2.305537100646726,2.678737652098205,1.8532390128609442,3.2870718977067743,1
-0.3807873573536953,1.0967347766707745,4.0698994183386015,2.0735044063655983,-4.526772419322314,0
1.3335280363163862,-1.5874795443762078,2.2953094411276918,0.8075397771442581,2.2541523239765673,1
0.9798894969651786,2.2516003196940533,4.889684188667345,3.552629065236118,-1.9130376875169257,0
1.0613519106451328,0.3201165551662697,0.7065460529045589,1.804672389110051,-2.6750394708698435,0
1.4733996801654907,-2.4442059401865506,4.528348109628059,1.0207828373866459,4.0520013125682794,1
1.5567625052757277,1.6842335959592412,2.1658017982423994,2.2056496034128474,-2.747079554912452,0
2.7419747033872652,1.8533768512418431,0.07743632464500805,0.26772179940313,-2.0436159237446025,0
4.6641764932547085,-2.0904421558879234,-0.2388110959626979,2.078421586421346,-0.557508521641243,1
3.5870180973880608,-1.0285221285894306,1.0140785792301328,3.3250988871509657,0.7878646434704955,1
2.0903131493417373,1.099843842416014,0.804022731626024,-0.25798546113824994,-2.877380603285354,0
1.663857689675406,2.2731151282010353,4.9598298899928555,4.175932467340312,-0.4133669563004865,0
-1.1216691460696455,-2.735788564254821,2.411683846761916,1.642163635941733,4.201867225101683,1
1.6968627913738334,2.084656221605943,3.1391401189516435,3.5190536502070344,-1.7483861522460042,0
3.197429309861553,2.6321168697217234,1.055288682808154,1.0034392723535979,-1.6671062456214836,0
1.2617569042544639,1.4294077986802054,2.0522590339453988,1.1662193308591648,-3.747271643178631,0
2.551324941801327,-2.232937917714545,1.9479055707188793,1.637038426276761,2.0979754152491594,1
1.507281624686088,-2.039481878249737,1.839866537594536,0.4554919270518505,2.4569230504627475,1
0.2024265606836726,1.9206002444405452,3.864678909845641,1.7844964343771654,-4.65939269673831,0
1.5144664364363885,1.0074221174525178,0.773971160818111,1.8423668814987613,-2.3640989814085254,0
0.6139446679482572,-3.07202010943434,3.228233723624366,-0.08638378115419298,2.566380763511537,1
1.3789376180090303,-1.641206536355004,2.7372416094651357,1.149228580529626,1.476334236286588,1
1.8699410702819046,1.3858788778645157,0.9039784207034045,0.2621825760914904,-3.2396792230621876,0
2.2056307358473832,2.1977184037286257,2.004081258667083,3.6113491121443078,-0.7465036397947538,0
1.0005185633314768,-2.2399769645484926,3.334239439336377,1.0002920934542314,0.766052495891741,1
0.9453343146274431,-1.8845462712237926,2.2181402332473614,3.1655669967555258,2.3499255614612253,1
1.510289895729249,-3.3314403483180888,3.2388048869447683,0.956127262768925,2.5250771098298452,1
1.8159939014296353,-1.7819250888547633,0.6612526904314144,0.837944818818877,0.36550152901804434,1
3.9892086887124187,1.419887900203174,-1.7179583808827106,0.1888426912241874,-0.41588960125828356,0
2.3808108383341233,-2.039771072856786,1.1043832870010155,1.3857443593372811,1.30732632550426,1
2.2405456359596654,1.0055711340450189,1.167152975421872,1.7883251492465213,-1.3335073642077349,0
3.8621392210327063,2.7802580801832493,1.3983151932098608,2.6650004306893478,0.701965949859737,0
2.851083685257673,2.583823021569131,1.3563755743385726,0.5908060587582347,-1.592987655171949,0
-0.5861784212904704,-3.182734176138343,2.839964037835515,0.9093953194713422,3.2210954560973644,1
1.5877446851221708,-2.2153848137368692,3.208414357846452,0.5398405363039294,1.184641412453952,1
3.209183635402366,3.105727951559035,2.199860347478448,2.8847560203767264,0.06962162504502922,0
1.3528522231136504,-1.4005972712915757,2.1533673603109245,1.9653805177586845,-0.22548279310468233,1
0.7320074164186188,-1.8820053425143746,2.481053237496541,1.480549285744519,1.9570992098331865,1
2.501505622319276,3.0641709099584036,3.4401426675908535,2.460820026584265,-1.1112677195625216,0
4.495210076081129,-1.636934211739121,1.9594447110337652,3.6326563295376326,0.4458717739063731,1
2.5230467821043434,1.8796944453912139,0.8421381691860603,0.6932964961379908,-2.138564329560395,0
1.3718620673284816,-2.678099952660952,1.1098086760903998,2.07473880268939,2.331401078155382,1
1.459938815711676,2.2882416089519393,3.8364815094841402,2.381140142373641,-2.3680678402386555,0
1.6821736323792982,1.7978458657361711,1.3533041019372916,1.0345783220956717,-3.2129350727781008,0
2.4520974184908204,-1.8383793079328004,2.565221033438189,1.910452830092596,2.627878943174749,1
2.361803266739469,2.3067222504770095,1.121044579176022,0.5263560765180191,-2.632493359193522,0
1.3762292965560956,2.845518203514843,4.969610096660308,4.330881892770823,-2.0411971690402964,0
-0.1311026304012901,-2.6804387303727566,2.610670724355954,2.1562715786765767,1.939191138699562,1
1.8844951965716885,1.8943986131608597,2.1829735179203507,2.1036421077749887,-2.336124956235219,0
3.6530127092758926,-2.02343102007324,-0.6891527755446023,1.4237885178470542,0.7488904466114759,1
3.039403723081212,1.4601241555531117,-1.1621408272043103,0.3333068720465069,-1.7942591521973692,0
1.5139918200734739,1.3125009081822632,0.7137536958423736,1.2977770345480897,-3.07077599506679,0
3.6545308167093706,-1.196366452146461,1.2595772936492513,2.996875339090852,3.6904922940960754,1
-0.21360336397077084,0.7449553455418909,3.5326242735624946,3.8765645673718625,-3.078837583234435,0
2.342328881738284,-1.1156780216743551,1.2586749706007514,2.6985016694520514,2.698017779951571,1
2.902770617145521,1.5352566566750554,0.4449509902251567,1.260595900317373,-1.4445253784594967,0
0.5126844350102826,-3.2480617045745652,2.714427387129396,2.080308243615883,5.099766674893547,1
1.986555933304484,1.519814049858726,2.0765053383683414,1.9016841721105693,-1.9022176398038924,0
2.374508594125507,-1.042118788369279,2.099690057945985,1.9035719963612818,0.1537570761631879,1
0.9125435908244257,1.6085240157070144,4.002685090078302,3.5868706924762703,-1.5474405439390506,0
4.4337390142512785,-2.075781470867303,2.7525218553678243,2.060111375556108,1.3623767693948732,1
4.6836116451291705,-0.687211426757055,1.6511395312848576,1.7787503986968631,0.21917925395972704,1
1.9909670075970838,1.3787721625440028,0.5715532115111435,1.412724890698799,-2.3375052204065216,0
0.27600197512181923,1.7279841117722738,3.6190940708291457,2.5412130762529097,-3.4959732555858145,0
2.466723899916289,1.1264020750496697,0.881097470493087,2.683482856866525,-0.4551835835673168,0
2.9037737346650845,-2.018589818214885,2.9363680657211146,2.238340498508578,2.3357713845319443,1
4.286336427693575,-0.8590369973550298,0.8015790794091653,3.043504757567469,-0.8100334784007215,1
2.3073804046340123,-2.028457248915402,1.875813962908001,2.4751162258751407,3.013393886536517,1
0.7102976140831108,-2.8055126812160025,0.6207617380865467,1.7051309585104817,3.0178901492517953,1
1.167409943470905,2.708098405968977,3.5797521698174095,3.1365019999052772,-2.827645369294404,0
4.2748245722582885,3.4588772541465524,0.8394914366630002,0.6908087879676235,-0.1397140401139314,0
2.4902466024542584,1.6719991807136492,-1.0498436704422978,0.3814951330030574,-3.1529230023539148,0
1.370782465293408,-2.360070123559036,3.044321712922251,2.512166237512951,1.6541972947778973,1
1.5840685483818306,1.254469257652131,-0.7178527848258627,-0.3098362155684553,-4.572092427188237,0
0.7457260023969092,0.8734225510552873,1.6311041006720113,1.5267728755220424,-3.857109741911862,0
1.3051343254415264,-2.8418758617963844,3.469866373899415,1.8321387772745883,3.1071126156092017,1
1.2020688175974892,0.37982969467995975,0.27907527225000295,1.1769164726147787,-3.397432706108747,0
0.9834752445441215,1.0110263006917817,2.812712815879262,3.402183601336023,-2.189652250046158,0
2.639670856269674,-1.594397666913183,2.121736520642396,1.9135241866336203,1.7212770690418069,1
1.8901203845419106,-1.6977966617931883,4.144744351525951,3.5538003269668486,1.3948426714515763,1
2.03930722413891,2.5312442874770653,3.4223856212209998,2.3622645243529865,-1.6874059159403898,0
-0.14252623959261035,-4.119778117153267,2.6099801303896975,-0.7238587573934403,6.23744845999831,1
1.5825791261642177,2.325627745187558,3.55757598328306,3.9294659493895017,-1.428129965954513,0
1.4326823365612928,1.7886478703899926,3.0731512486283865,3.4029377647700905,-1.2503952634348114,0
1.4816744464483986,-1.547035578809101,2.1540124414709103,1.0960083700683674,1.6319097171982877,1
1.6761538839150358,-1.6402650624222919,2.7836306498364363,1.9018075493825342,1.9786919847975215,1
2.4899516121532588,-1.1151321747100051,1.4000360547530124,3.3066257317860854,2.2918977644048724,1
0.4554146455440857,-3.4302301118862135,3.045562270208257,-0.03601124661823718,5.726650758866006,1
4.0994571790788035,-0.24129431443943905,-0.03631333920851931,4.357035035765678,-0.4070494266006497,1
2.905341344497514,3.169226124445382,2.266704610383996,1.4488683492721597,-1.7144410230029037,0
3.2233738146786397,-1.367068489659375,1.1073906017958879,2.1602360235889466,0.5857031837405331,1
2.0979109488256005,2.1229912589021973,0.949622097041233,0.9386751540994926,-2.434610217718435,0
2.961199543419562,2.1186444485153544,1.455321028430617,3.4607277723311816,0.45950897434899396,0
1.2577819469553053,-2.3945212496550186,0.6368257447386239,2.5453732832550147,4.211010849275825,1
0.7550855935372967,1.2569638022486762,3.6385165573159926,2.6164594705006925,-2.8646835880001045,0
4.465895292943911,2.5379618401055755,-0.40906721026118165,0.628979898553508,0.2217533113435679,0
3.6469823410337927,-0.38983788088197935,1.1989931967727618,2.490127570458407,-0.37960019866799133,1
3.8345867375865534,-1.7859025843194662,1.4689072263116292,2.0927708056840375,3.7034673368477353,1
4.212567620929757,-0.3556351959650954,2.2469997728617885,3.7267931026569467,-1.0734465494973122,1
2.787966554927602,1.7339178836068245,0.688310334770984,0.5160826182183578,-1.4064743969667846,0
-0.4234749188256113,1.1905227724393046,4.774032911569892,4.734367764023121,-2.9101423174935865,0
1.8238213455910872,1.3639432378340863,3.8920328198332426,3.1150508507748027,-0.8075746209310077,0
2.9392328340026674,-2.3402313375135635,2.6104556263027585,1.5050530979014323,4.073254726180832,1
0.24722317745666222,-2.5055204344449242,2.925101245156335,1.7699436396157409,2.9038690034815016,1
1.4534965013227117,-2.58921739308938,2.6300278430454567,1.3341920043457276,2.7062534685988098,1
2.4677671783832316,1.2800651905780218,0.47387300749635264,1.0721680800710771,-1.8604025184832498,0
0.9889202380143989,-2.8613970329911758,3.3282757130980514,2.1513024627735207,3.6262505189091465,1
0.9695991087629474,-2.2534860599745437,3.0784777355498285,1.6440117213891847,3.4848161927139296,1
1.9980327628503578,2.3161752475924495,2.812385650834388,2.744075614956034,-1.2563200310157696,0
4.6962469917943785,-0.19744163046481944,0.8053383968710768,3.9212649522509357,-1.461556904754592,1
1.3978932017263226,2.3464165454075476,3.5257908021247957,2.3531403859644797,-2.296967582455908,0
0.9560318002913422,-2.3199495136299833,3.440525798585188,0.3793746248107379,1.5311714548547641,1
0.31504956255807204,1.3177620093288716,3.523662100536388,3.2152533852074106,-3.549498706692665,0
2.7415680313944546,1.1670464275186878,0.2003569610710525,0.41403531852893094,-1.218182067365331,0
0.5251114223896589,1.5946574587904938,4.990997733896826,4.656256642217237,-1.2972338184849357,0
1.0868300729107716,-2.461724504103722,2.263839366916423,1.0653039142002387,2.7951728270074847,1
0.6346123682153002,-1.484329976552191,3.554748599212802,2.1868966240365344,2.4507047564463975,1
3.196086733977932,-2.019709865747242,2.603711373923524,1.2680005913221941,2.3268692652697873,1
3.373284429174431,-1.213159906144241,2.163341122291708,2.510001418476259,1.531803101248422,1
3.2833160785375064,2.8299399923880455,0.07021686230390012,1.8318121174672979,-1.0364576234006813,0
2.106789676578838,-2.164368135517252,1.6327025700703137,1.9851826972873527,1.3825237714796614,1
1.4703806108984234,-1.8538485877316253,0.4825508510982399,3.278195470567434,3.855171871270504,1
0.5062543594301359,-2.00573953738014,2.135211188406552,0.8464397698372832,1.5079078391109633,1
4.753573986209968,2.9989444391336613,-1.309240550329914,-0.9890373378325386,-0.797328606007004,0
4.636341932854927,3.7427040098521616,2.2577873149448022,3.4744485305551294,2.31112891952983,0
4.080553240039338,2.6879437286128747,-0.03410169411496611,0.013271603867416104,-0.7008742834540678,0
2.638368651398036,1.927184791215716,1.5939411346558738,0.8263310994943909,-1.3507171549249029,0
2.0367142998836147,2.4793133924015334,3.2193834851996863,4.398634358197825,-1.0741271752902817,0
1.7185984668173226,1.5041096705281842,1.5566448769625565,3.0822419951236837,-1.462589484636756,0
3.911229948156921,2.480077076938818,-0.9382169814551067,0.29970621094632865,-0.8766431470534093,0
2.878487212606899,-2.194003468457323,2.016987290187884,2.358239690553379,1.163835114114669,1
0.3891501771295107,1.2291336333209135,3.4973977246736716,3.512120897810372,-3.048145260526957,0
2.4500475965489805,1.3735834198083108,-1.2076880428737806,-0.6027423906574958,-3.112619604364647,0
0.5588885039047466,0.9984389463983638,3.1875681281492536,3.9460665529361205,-2.353273613726107,0
0.17295937591931865,-2.067863659744956,1.8062560061030153,1.4813578091812059,3.07018923994427,1
0.5744104287718057,0.9657796851442453,2.516010014200814,2.338285358076651,-3.4234432561069004,0
0.3993254439704579,1.5737936058254771,4.428164190480895,2.9749864075505847,-2.7036785723019428,0
2.5964906432442976,2.7574639708660573,2.820567918450718,2.2249279885246582,-1.3177201300896062,0
2.1635528096249916,-2.152484390788561,2.8985866624147993,2.220684863414348,4.875620866199268,1
1.8702099028581052,2.0212269904290805,1.4381058604895447,0.7917523750089013,-2.910960177821736,0
3.0371758580565915,1.776974915691837,-0.10918909134652566,1.491153917150166,-0.7799023209985931,0
2.4729616215239227,1.7316451360519365,1.0010667875331047,1.9847474145393316,-1.128201382547217,0
1.3804052496853274,-2.3916970079155755,0.7412703927480142,1.18401467646261,2.1405900556341977,1
0.6911038788856376,2.1062341312388853,3.2348609790989986,0.7576918332791271,-4.976266191932114,0
1.4713832877474635,1.863294734486556,2.9268089522139773,3.171481376962422,-1.458166347736128,0
1.4419744870787408,2.7741676114670435,5.537229059006071,4.670451819100538,-1.388081059396507,0
1.053326369058702,2.127277964133266,3.7774591400139954,3.0883039879065723,-2.7620223552629417,0
0.4627000638392016,-1.6982884735236061,3.5601176256298697,2.0939028789056846,0.8362523084371185,1
2.7330993817183513,2.269762578779595,0.8140877537663092,0.6612047105439023,-2.050388985891715,0
3.3365751541343123,1.4037754881446356,-1.6744366145655811,-1.0932070028693444,-1.888039664079684,0
1.7429717737819725,1.9622142291715412,1.5716830145244995,1.0966367480202697,-3.0445952029216823,0
5.318280616171505,-0.4726731299306979,1.91507441397058,2.879047256326549,-2.7858795095702984,1
1.6453109198887172,1.453411686304111,3.174947245574784,3.6417673186100776,-0.9973298398235864,0
3.8656800406955147,-1.493544481037528,1.5973880089723114,2.454681737507262,0.0827975306859623,1
3.874086637122736,3.348273394249739,0.13635448340771994,-0.3248166784555515,-1.794757529296381,0
-0.37816698387893766,-2.2903693125553715,2.829836233528181,1.3962956568509757,2.6254960102503717,1
1.3753603598230613,1.7107088709466332,1.8925393469023093,1.952352190983682,-3.1390726799565964,0
3.057686724870739,-1.9695100640405756,0.8141264584703065,2.570241208002143,2.486439428591089,1
2.7193851076765543,0.9024029281214241,-1.0257446249115727,-0.3039384419945357,-2.2935782224898014,0
1.047840992071606,1.1332357447226509,1.8766357124903854,2.5667514390216626,-2.809848533249183,0
0.8391005881104607,-3.053674305215862,1.0535238468497061,1.514578478108778,5.144953805845577,1
1.1975595723355505,1.3778353578896438,2.294329063679327,1.5211260039276224,-3.089949363318519,0
2.0830358554444994,2.358686355203346,1.0239198931789235,1.5396071422360644,-2.765862302174281,0
2.7055751915338386,2.1006809044757895,1.3769897256715824,1.2521591535649628,-1.2320033754926363,0
2.181472183533373,1.842011396755949,1.3057786479849747,0.45581781974106605,-3.2175650567751726,0
2.9196443702728763,2.156522364797796,1.4224052169498815,1.4293475003637166,-0.7871468842956659,0
0.12277411354435896,-2.0293244409957114,2.6378659858243703,2.565235295001523,1.760591041349531,1
2.8220212884005638,-2.4705177045093,2.8787326439000203,2.671210290364808,1.959704083804528,1
1.8788603980687695,2.4832688539340015,2.826024687561437,3.208717833909815,-2.0232341267990295,0
2.9835577181693957,2.023027649132663,0.8009076590216668,0.9312701650094379,-1.3005123503070775,0
1.6414939892189606,1.8719307179670532,1.90320816488746,2.1930860004690684,-2.6493465022848324,0
1.9174721965265924,-1.1371666311208217,2.202811549465345,2.7479336483959234,1.4017118101608614,1
2.799862813088535,-1.985770062863774,1.3802899405911568,2.2573478169606176,2.4350226390626486,1
-0.5235018694077711,-3.139879674244025,2.9700009262417737,1.4661776665166775,3.616610067844465,1
0.8989483608072828,-2.8215497913938075,2.7504520677026028,1.7327028237260205,2.8429274977126764,1
2.2315572564167656,2.1017213715941487,1.5408897258442278,1.6426869899382885,-1.827905410866673,0
3.4013508262829855,-2.016452753719367,0.7183651328726581,1.3117366968746864,1.1891743160521187,1
2.7693351368682686,3.283055006369227,3.094834489703891,2.966812538711796,-0.6995736393987682,0
-0.8872278505129643,-3.102539321396205,3.1036342211021486,1.862086153512796,5.233575101892621,1
2.587173955773864,-2.0929350370495157,1.2176951915134062,2.3718886210144907,2.406738720576208,1
1.7731432838693413,1.9719911813491038,2.6599843754048775,2.128035338285662,-2.2115105579011716,0
0.6992214885391321,-1.6924899108862808,1.7004930234409232,1.2708257254716815,1.274039149652842,1
0.4661540461448628,1.6149789054100259,3.8266633065801754,3.3195760999562696,-2.93258808909086,0
1.466344370031814,-1.2460377841377122,1.4178456090386755,2.7157539638442745,2.536310482547102,1
1.2783845075951183,1.7151073004019333,1.7312485208153647,2.065827963380281,-3.235666552795251,0
2.233023847125667,2.7841275807247765,2.298577284699025,2.168134480457277,-1.4703962067148444,0
3.7386124178916624,-0.28090785757767045,0.7566634153973908,3.210596754868945,-1.878381434741553,1
0.14991925677784357,2.227197762620579,4.759447312663234,2.643385525353877,-4.623105312771722,0
5.143876168008808,-0.06567344114633511,0.285483805996821,4.161613091030838,-0.19758342959490527,1
1.2582992069081114,-2.513256650312184,3.380555247609793,1.7190049710456312,2.562321093767785,1
0.27290347302016715,0.6106792783210124,2.5664147229673184,1.7388304198333067,-4.409158832263051,0
2.195447207759403,-2.46284400982431,1.223245291036838,2.336587778597145,2.1022446482591675,1
1.4855743269107287,-2.741897354246017,2.4868190275906654,0.7713019128126544,2.489220710318744,1
2.554758755586143,-2.561047742018079,2.5532148390922305,2.469590868234678,3.059551338901644,1
0.44640867675556595,1.9313043768029832,3.8952653425865282,3.057020817696249,-3.3907786561640836,0
2.0564753118132777,1.241781707181337,0.3578404649664144,1.448128375209284,-2.4036557686024302,0
3.2934920053968626,2.6737664630764435,0.8799999043105611,0.7636446205926748,-1.7003056454431098,0
1.991812003653601,2.1392741697508724,3.224087378222479,2.2964981741412536,-1.2290994944233486,0
0.24833768427230352,-2.9869851792020876,1.2861097348637767,1.674486431433542,1.5766473771989988,1
2.1435038758510174,1.3364016642292076,0.8180673721373104,0.5059363288876939,-2.8591747145649515,0
2.9549319021137648,-2.0849155732449947,2.865297530585353,2.227011776042566,1.031634597981026,1
0.973657232085394,-1.6059208324951875,2.051258372345299,1.3321789456764956,1.2660403902886879,1
2.614201922938395,-2.6680256596049476,0.4926044714176139,2.1813305977262347,3.3019826354700057,1
2.8336485784756187,2.7549045974655417,1.2798300608191613,1.6604944881547494,-1.4025430620816357,0
1.6986892688344883,2.4972937821446193,2.109810933347267,1.2787939784820237,-3.242729396247379,0
-0.29322174228998454,-3.440461942626392,1.191463244096933,1.140586060162166,6.1865120760651235,1
1.2267742813033757,-2.341197425106509,2.7617655818273907,2.4558368678868714,0.5091766571593024,1
1.9998931946009424,-3.1748404055851913,2.3259600909043674,1.3542735811338416,4.451287218323147,1
2.5148130736973497,-2.02106902907381,2.662327269510423,2.9465553158027427,2.7889302011041432,1
1.7420519469262048,1.3989245331035214,1.3007262923328198,-0.24267819779724942,-3.660669178618024,0
0.8061281245892744,-2.7551167049325636,2.9632599011052125,-0.05148430548355165,3.434897833868762,1
-0.2660073007366961,-2.5867876189789554,1.8155896214430702,2.451955813234351,2.7188866893674466,1
0.6429622901803966,-2.6043081923701052,2.7444716621992384,2.2141506045452553,2.354400869470891,1
1.1036191039537373,-1.5051677619621768,3.2464259745567086,1.870950217405436,-1.3273834334331953,1
2.4519675918472754,1.400320869914034,0.07421141218260718,1.3388244791597284,-1.9335217112458756,0
4.185728404869375,-1.0226529931342254,0.8582551126319955,2.979751583078895,-0.050450673748730246,1
2.9600371458883146,-1.1643759791207773,1.4788092775559867,2.3376500983781487,0.30173853541536855,1
3.106228926918372,-1.9804522849754866,3.4335678444917916,0.9653120077658532,0.4769366577266194,1
1.8264011298613592,2.8379778778814835,3.044768342428662,2.686419702597972,-2.1433855260780947,0
2.810260975528233,-1.184660935312666,1.968096218039025,1.8636092395911594,2.2822408937234817,1
2.1881606119239754,-1.5803097937544854,2.9114471775042174,1.473815830270397,1.7359220413313605,1
0.262459478405334,-1.861847809759544,2.9744299484558976,1.987065326344014,3.5377055486304316,1
2.3347737757993916,-0.985116872338923,0.8222869152592496,2.156776569065086,0.04435248780545975,1
2.108788428020296,2.4066789070928847,2.8745930043597365,2.8161222488892483,-1.4084664722736215,0
1.997265884774769,2.2541949599855915,2.377285166875607,2.097401795243617,-1.7813902389593559,0
1.5745500095259217,-2.765507771381758,1.9721993603390489,1.7031137798163305,4.409979195251767,1
1.9033105927821674,2.7003134618889537,4.289412340345096,4.89581876264787,-0.5431331540370896,0
0.22007386718370814,1.7416682771813654,3.9698550243099726,4.265436095683132,-3.2178252161412537,0
2.960548655057679,1.9808679320574623,1.2046014702926242,2.189416083074218,-0.26981496848525244,0
1.7901609597813604,-2.667054093913315,1.7798288794448984,2.5236792193553894,2.946181202672957,1
0.8935331685178611,-2.4797079502648103,2.2088932794491147,0.9797475839078851,2.4586744514195105,1
-0.6486689436590436,-3.8975894726831197,3.0346423783821033,1.547180178024905,4.839262348206368,1
2.2860361448585618,-2.6894228716926945,2.2313190073736187,2.284459354854146,3.0819716957507644,1
1.1764267605143042,1.1362679631480317,0.8721359581442059,1.4789190042572564,-4.025382292221876,0
0.8511803400150806,-2.99592723432641,3.6118788291991786,2.7345050018991053,5.752915060056136,1
2.79474590047366,2.122768583884465,0.6592968257623459,1.8181767125645698,-1.4163546739990682,0
5.53230223257172,-1.321418120427063,2.0084962637418258,3.4398593714297903,0.7845564190020138,1
2.895295992717779,2.0310286636054187,2.298940750827844,3.231896668012447,1.1240455814464796,0
-0.10969447451272174,1.5751376781992656,4.08856130249902,3.8070725063717985,-3.2388201523383615,0
1.9435769439652486,-2.862930362626396,1.286202525593972,0.7206107174368868,2.545316493182656,1
2.4817257080604773,1.819889910927795,2.2286602344327235,3.5483281191805234,0.09051219292549373,0
2.4007413273590417,-2.6663569936040266,0.4671940810147881,1.5237381852293117,3.0329710608777587,1
3.3412139771596996,-1.7248212584127314,1.3646163386424508,1.4924718666904906,1.6037856192053261,1
1.4260865818848747,1.3520200279967711,1.4574895566559567,1.5425454392940539,-3.2345474823754037,0
1.5733799498645167,1.9335479325780174,1.735422100410803,1.0062844107688003,-3.014225309233413,0
1.865997417437392,1.9129775155360027,0.7967867719886204,0.820264471437834,-3.5710242159526997,0
2.010921565948091,1.370829671949749,0.31499083483457047,1.4691545670149508,-2.676567207212663,0
3.461774923101724,3.076000687364512,1.789289941714618,2.0428260199152404,-0.3316255738749492,0
3.9443780102924633,-1.6651911857304622,1.9059238650722,1.8571885900455305,0.7544966397700208,1
2.141910007409241,-2.2662632082366407,1.8503116212007742,0.5745132733021072,0.09271281858662972,1
2.1023671889872007,2.3878092670527464,1.7159951632497015,1.3370137619724374,-2.3255347400800783,0
2.6215460748731907,1.8797116397283395,1.154986071595001,1.7745336218441126,-0.8395404391023962,0
1.5762259164827046,-3.451735755774723,2.219522538987052,1.5296204945964982,5.268009878931107,1
0.963957367743449,-2.261706667343528,1.1102239922457504,2.2776886039342954,1.2791728588793854,1
3.393409895021204,-0.6467767657460646,0.7816965047540951,2.8412784636848234,-1.0829039938627743,1
0.836307292012394,-1.834442925014019,2.609077744556811,1.4906612465829956,1.4959266240208793,1
2.5088787023050365,2.113592647553443,-0.33318669446659666,1.710480922963237,-2.009404802019471,0
2.0330530109797267,3.266123761382047,4.098105017728495,2.2639131645607913,-1.8612743686473308,0
2.7052342746401123,2.531445511144278,1.841577902087785,1.5139247914270502,-1.3426721124926366,0
1.3380568498302061,-2.776653010643871,2.4772929059000273,2.6585639486324033,3.3019078024406148,1
4.403029967718288,2.479868433748227,-1.8323854753455726,-0.8955932389560983,-1.3431212240780017,0
1.8347839991945296,2.451319677457698,1.944282665413766,1.6623357520066988,-3.061472995276368,0
1.9114414351986855,-2.062749826333844,0.861323107929391,1.863544681802598,1.331118469424395,1
2.6161319597039228,-1.0146680278917588,0.621059762914626,2.0159050548881514,0.2296921225994495,1
2.653853876022189,-1.0431738910766644,0.5475800189323639,1.8204685331706258,0.5886056737299876,1
4.554040101816224,-0.4905050894284664,2.0286202303858256,2.346254779911188,-2.2506856401369344,1
2.1264510622669506,-2.3044039857379115,1.761389881797557,2.8835817656707974,3.708210322325799,1
1.4837468155088498,1.6162878236604814,2.6455868395050617,2.9137978232192774,-2.080031726865557,0
2.2106136912592977,2.0602269906461608,1.3072059888423115,0.866926986128149,-2.3617010452066793,0
3.4132506077515714,-2.1279153491930636,2.55227631963878,0.7555227319503863,0.17822145234596465,1
1.5123038854154196,1.0465142950103288,0.9602926479482061,1.3937081696419495,-2.6781733240868095,0
-0.9993981088588582,-3.4489407886660635,1.8802376336698379,2.8735879071408337,5.890651219080892,1
2.8800433080697174,2.501797643147526,0.195391852814212,0.16746553743652015,-2.3623335174780697,0
2.632943756953554,2.4036084894882674,1.3267450918478159,1.244215888727648,-1.8892806652209015,0
1.5537390928321761,1.3075308663556904,2.4774130162456234,2.2061264245467775,-1.9030377063160913,0
1.8697494716722303,2.386556366952114,2.6610389631314404,2.4238262185148103,-2.0559490248072776,0
2.8225318989700234,-1.360663549068918,1.9022998087034173,2.8728225158925027,1.3514263410497906,1
-0.33845316379084833,-3.7321402054479105,1.7607211085052192,1.490680900093275,6.785344123287811,1
1.961713459523735,-2.4537872802811878,0.6710115333327908,1.815035522053106,2.7780503278157296,1
1.9048581039120926,-2.3863560718356673,1.9280024544313985,1.442038131118657,2.548582572091501,1
0.8753745641272543,0.6525469740070633,1.4407205594394166,1.1722274954349101,-3.6469185616740614,0
2.577144130122013,-2.5215643376535364,1.4782005227328956,0.2056353927378689,3.9847872488579923,1
3.059235723370853,-1.5856682515361484,1.7527269580016118,1.405246417222879,-0.6402792434427664,1
1.283504258889521,1.9361822274522995,2.1514451340538825,2.4527969550390343,-3.421305484662663,0
2.148846332424542,2.4921409517333855,2.5565454999516524,2.6116318277257635,-1.834854003979952,0
1.7110058480782917,-0.7451563962368786,1.0412396347393473,3.060120760906269,2.6297361584053434,1
2.768520634846559,2.5515613761403784,0.6688749511764911,0.11546429180983142,-2.753849282787535,0
1.4966182891306594,1.1777219727368986,1.3958489134329155,2.691675776704012,-2.073190055218948,0
1.916792341921881,2.004641273998172,1.2687312047266206,2.53706190542475,-2.1121197628737858,0
1.2842330435383875,-1.8217558358976402,2.802710965922263,2.638209456450438,-0.029210199504658085,1
3.511891375024386,-1.4651046140576685,1.8263348652348936,3.4064735186293635,1.3696210953459464,1
1.5378166019967985,2.3877869473132733,3.544671969427023,4.044738156017705,-1.3938733847789078,0
2.1089364055271833,1.9821748179793346,2.177544069106012,2.5404916974167424,-1.5297397621044864,0
-1.3779698427867864,-3.359374589296568,2.8697776361579574,0.7801544294171652,3.6356250051033214,1
2.0888629111763675,2.1086750659347713,1.2524717941020374,2.8350639270877402,-1.567721101172498,0
0.4471481150276364,2.5319980430455735,5.26906033504352,2.951502462450266,-3.3142129201419825,0
2.0808061055651255,1.5863236368813267,1.9177972572972348,3.069994203327553,-0.2375559730236767,0
2.7284749883159263,2.5787188043795894,1.1798741651143603,2.3136541608930212,-1.019353502071934,0
1.5193544907269603,1.890619409622426,0.9887055168987593,2.2968317502778275,-2.8444612782841086,0
0.04702203803310767,1.836588183575639,3.8350118929550137,2.916484199708839,-4.614450495631892,0
1.8155359863289364,-1.9368221102351364,2.749619860601642,1.6797950228642509,2.90788235776804,1
0.08954649483152632,1.6234141905216661,5.136188578231767,4.665126632910486,-2.0588667664572133,0
2.5218499758847868,-1.7671331880964876,3.3247433575274643,1.2548291239224447,2.7721239841832324,1
2.944492050794761,-2.4081465428491695,2.1018232446093457,2.6853622132887374,3.3050623801992423,1
1.2233032275947715,2.1472401752838897,4.322372237297502,2.4782261388218347,-2.2122625112519865,0
3.7574456489524155,2.5664812191575868,0.7992184682715693,1.6297452064743996,0.12319470798924437,0
1.7865599202621858,2.2543639525176866,1.400336564527211,1.6341567787111222,-2.5976004182632697,0
1.7611366832900552,-1.365680501306072,3.0761934256820496,1.9536406721425637,0.9700625883463332,1
0.8769131566069399,0.504148772831978,1.8215477115463807,1.4457921873039088,-3.262374051694654,0
0.8244350812755286,-3.0817052312071587,2.470922352146392,2.266181712930877,2.8699550681761465,1
1.735160329366167,1.8248235987493124,1.374716003973091,1.4292744388966727,-3.1755129770790136,0
-0.11273367297388859,1.4649945943056415,4.919685597122904,5.38115103716019,-1.868212675604939,0
1.8840764172844253,-1.5241980435825844,3.3749550905946393,1.6893217475995241,1.4589519168838454,1
3.17893840565638,-2.5296414576854276,-0.41107423361019,2.274924335601703,1.8909124126741956,1
3.4652696822413196,2.1163223832104667,-0.4670688138730501,0.6678094092802929,-0.9476297306136232,0
1.5600196856925308,-2.8364843876054975,0.33428574171559444,1.6863200567382126,2.9046826063247804,1
2.023972069493357,-2.3245446412998403,2.874422993618192,2.087258876488518,1.7606227224705777,1
0.2519609476161293,-3.112471699110414,2.867734082697412,2.436411536667703,4.934240386879926,1
0.9554359822707175,1.6164404705464235,2.9948174200996096,2.0907399370516497,-3.2716185422035178,0
2.496764834864937,-2.861097469123133,1.7965896965060577,1.6397514299944655,2.0000173827395624,1
0.6588548644093801,1.6310099879488373,3.9909442864173172,2.9718234478110044,-2.441330682475348,0
-0.037981341303107374,-2.2079945222997064,1.4165423251288534,1.3750840049369013,3.8541587521574474,1
1.9598296175683392,2.1114269798317227,2.5507399427075774,1.5361237140605077,-2.874861579813454,0
0.8319748108895417,-1.059892645579199,1.5819661951626975,2.2878250344689084,2.967305620490162,1
1.1169494910390398,1.7219838975038515,2.412878952058367,2.2231433628662116,-2.833071655285708,0
1.7487977296954433,-1.967635973950574,3.83200763411355,0.4049246494691936,0.8830685755052989,1
2.0690958396534462,-2.783858445677508,3.0813193697664087,2.0998932812315108,2.55686941740941,1
2.0462900084873743,-1.698059715422651,-0.056578944895238514,2.2892255054290254,3.2100507124277016,1
3.009221918945861,2.081944408928898,0.22502934946790654,0.3646301725766026,-1.6949940088593742,0
3.148308024812205,2.4685205144487576,0.9265555648445931,2.004173724604356,-0.6432761631188466,0
3.4681637684326967,-0.7294921652880844,1.5133025760950516,3.586833746024517,2.907921772399291,1
1.1491236281869446,1.293774967991943,1.873090907935497,1.0717919417594364,-3.373214787801419,0
1.4041887858767526,3.932285707460853,6.104680512282947,4.761784819574211,-1.4833502168446764,0
3.5967629500233618,-1.6037965748266845,1.37948396021508,1.7964378414889157,0.940246790554061,1
1.9737362676984966,-2.91323759653266,1.0408109274842223,0.6059054016041787,2.269050935186673,1
3.2135775932724466,-0.1735252690744291,2.0888001230226285,3.9124168390932814,-1.473776360671922,1
2.3353406592685757,-1.800894895130756,3.5597956468986283,0.7873692014560505,0.3503331513033825,1
1.8068642307039866,-1.7504425389540283,1.7021813696175683,0.9926682999983394,1.0572092405449895,1
2.7399896193979183,1.4787422364002658,0.5596301927203735,1.4730153168196165,-1.2540563764645651,0
2.9935263218642647,-2.2525410449321943,1.8426077575314233,2.230818091207566,1.4970481933979394,1
2.1013018081115535,-2.112548388367673,2.529420758321012,1.1179458503769828,1.218904876387958,1
4.077316854516362,2.2328031215836908,-1.763275301841135,-1.2494130277639073,-1.5163583326946022,0
0.12790170653453337,-3.243609128702026,3.511540617105786,2.0025010415984816,3.088214143549234,1
0.9338837272105733,-1.283046422025346,2.626322111003228,2.5705168234677274,0.4148619795355859,1
3.583121439385044,-1.3572918028116934,2.476613717656206,3.3488855279661296,0.9386001547100664,1
1.8051611140578343,1.6080921578734866,1.6596866827373504,2.0903889848788983,-2.1768881162492963,0
1.839656089517754,-1.9161362149367573,2.3374622752980527,1.498792092342272,1.622233175372379,1
3.322471997049381,1.1997184679468433,-1.564012794368927,-0.7123588600776092,-1.8138926775736832,0
0.11018790034108616,-3.9125544291006857,3.2517676381424723,1.771972318233177,6.098296429869792,1
0.2539923074480779,-3.2049854096207824,0.8170555951228362,3.354558650249307,5.378420636773345,1
2.185711096552904,0.9546364578022724,-0.7975168389814202,0.9251072181587154,-2.157829100702173,0
2.4043878137815926,1.7677416189631774,1.8272616249193496,1.9327875391509697,-1.4481937700811875,0
2.1499040313938496,-0.750304317791519,1.7549864525381964,2.164621232805202,0.06550023080732603,1
2.7245510926389147,-0.9599216840486768,2.454150743704164,1.87384982443394,0.6402411641394041,1
1.5596382120584604,2.7970891185621722,3.7259170162525184,2.773801115918713,-2.3220317763870515,0
3.4138258624892353,-0.41574727399456024,0.8406786657165501,3.167711158162785,0.3630807984129454,1
1.7629415842998533,-2.6005313440676883,2.177132239020601,2.4499434068250716,2.3433458134492584,1
3.805651002746034,-1.9915966963048921,0.5438475499562216,1.2426336529042168,0.6627784376190193,1
0.43012691606659326,-1.5283969761450065,2.8621206572967504,2.740092044297321,1.8578889962984388,1
1.2970318211320655,2.834741897091325,3.817765381128374,3.4603768417006524,-2.016463688227445,0
2.581517039020876,2.0865872003668495,1.6111843482729586,1.654239234040743,-0.8523921394157052,0
6.773657435512729,-0.9761462049106726,1.8721177628732404,1.9900418526788135,-0.29290169569156443,1
0.25630962992142514,-2.5440019974666144,2.716371090699038,0.5612070557943194,2.18115738269929,1
1.6889873927343662,-3.3508776863701635,1.950413684945624,2.801437505479064,5.542086535316773,1
1.8146465360963355,1.147888243916634,1.4866058684421168,2.8709151900802006,-1.4263392169523545,0
5.707342939494296,-0.2909842924535393,0.5236126398700081,3.741814779508094,-0.8267586640250504,1
1.0293312932562846,1.5304344494230582,3.233810663210085,1.8175713212093294,-2.7382846234814524,0
2.1220475907780023,1.8473248160647784,1.4189354365136229,1.4247366979590033,-2.661853284549398,0
3.3489557936213057,1.9119015875910064,-0.12701657057806948,0.49025330544563395,-0.8446234629920226,0
0.15812011469429743,1.0929814982580797,2.4762731293824607,1.129974465293202,-4.621313741208615,0
0.9092158430258774,-2.9140096755171343,4.294342805272797,1.146486189159467,2.6238150710149153,1
2.9241886776585995,2.8190791385503178,2.639731646958878,3.8212828023060714,0.24720467845769578,0
2.4581690334337103,1.46631152791409,0.5228717051483485,0.27057203470332514,-2.341126705785359,0
1.8945533164425834,2.560386981133954,3.425422106417469,3.93207015768872,-0.9981149451160956,0
2.1224129759358727,3.1219329757056293,3.121286485252188,3.1202610721715436,-1.6434491944610052,0
3.88397710570076,3.0783573896667153,0.8051813811424102,2.0983494754774865,0.363670682136199,0
1.378939540440175,1.7116627911307982,1.9936936571123998,2.664771007996192,-1.8074444033694563,0
1.7611381284980174,1.3840078188189426,1.0510142593265486,1.9208250933239868,-1.8941464809270183,0
1.039061344088473,1.7471998977020158,1.9590515969631375,1.2495023476507894,-3.59600596917158,0
2.0510344106729517,0.8425207293087063,-0.4332423594694448,1.6826062061317464,-2.2009426762527737,0
4.958969691569214,-0.8782148929675593,-0.0012687460909730497,2.909462623530139,0.6043978136952892,1
2.497280706643875,-2.666066092546912,2.836875212339013,1.1915816564022323,2.9695333405192184,1
1.0097296588968119,2.5856703011584825,5.512251968924117,4.2594943818844815,-1.253857277654527,0
3.1876301597244803,2.3562486257057955,1.201779089554846,1.7110098589758738,-0.8422877470232788,0
2.8634016999218677,-1.4476906845949415,2.299490797191394,4.317287140098776,1.3914080086848486,1
1.265505412048046,-1.8974013705132267,1.9700092850265978,1.7111535649237557,2.258626376306808,1
0.9198299466552431,2.183121389498748,2.770679696550716,3.7087110112411503,-2.613402136505478,0
1.5149705848208053,2.5426836840051354,4.262357708235703,5.605668632162393,-0.5322123001102907,0
2.042245797954368,1.3787962487613887,1.8803072066479949,3.5281938618053648,-0.8433003167530366,0
3.0469373657591556,2.114391729617523,-1.2270835973252279,-0.4577891280952735,-2.6083418748459426,0
0.08186782923669167,2.274648891741128,6.218429814569472,5.837463583658542,-1.9959127786116349,0
0.9234578044328696,-2.6311681245979166,1.2875040082948175,2.122016432737356,2.485091542313013,1
1.5099774840517515,-2.551419945663246,3.084769684231169,1.1958277134325836,3.142459193361903,1
0.9282835381595747,1.7340435982661841,4.502344590354237,3.6255774701401924,-2.0663838295420875,0
2.6696009233824625,-0.9277038165287639,1.2878481994410245,1.9813885845999664,0.9733077572121094,1
1.479850855148565,1.374244429559825,2.1432900694727812,1.7045043476216724,-3.0563570354434013,0
1.357988180549845,1.5147366154495456,1.9332680450636435,1.5762872136317263,-3.205789565106696,0
-0.3957020593634146,-1.9689875843442946,3.813838215726567,1.816596590458135,1.921477682983873,1
3.019858864105065,1.8066408173790547,-0.9975997983454268,-1.5669353474869276,-3.4373479703132195,0
3.3114441941831503,-1.8701731446549363,0.5378994513457978,2.325215504220553,0.5445194684737131,1
1.6564501396109288,3.431752377494073,5.928960836848006,5.585218205604704,-0.6784316700464406,0
4.124607928127176,2.511383055890022,-0.6694179770263937,0.4362045854701788,-0.3523105941488547,0
1.4144523136396303,-1.9599096179555007,0.10850897701903062,2.509157403220567,2.1528703892358814,1
1.2559070163694321,-3.6916813097075543,1.991117612345596,0.9273845572182899,5.861634938927425,1
2.12525887238632,-2.474617063092244,2.447089152920518,1.8957439873718835,5.291542605062522,1
-0.22582828193702653,-2.6140787232792286,2.458254099023645,2.528678351993455,3.653999075872164,1
3.360461159990309,2.9450009403678927,0.8471737571901712,1.253341764688172,-1.0135648319992325,0
3.4444345704000914,3.641161044816,2.845734997990744,3.3274990415301975,0.17698024325264106,0
-1.5587868751623573,1.0833737866498887,7.179968124135284,4.8439218511702915,-4.052361180065481,0
1.3193153345841198,0.491187040091863,0.6506312249313131,0.29072164390389577,-3.4957333753846056,0
1.722415223086929,1.9508763034162215,3.6072294902017648,1.6835285985552653,-2.1925374173162195,0
2.8891389036015767,2.0467577059853372,2.4338094462588167,1.342277513264504,-1.2326194390320802,0
3.134768383678389,-0.6803200645880905,1.8023486337935577,3.731257744830403,1.2444678351964504,1
1.3558548405648978,2.171606101327403,2.8342492467978735,2.5716282173578526,-2.711831821201665,0
3.6121440930010333,1.5892197445116607,-1.704060901273786,0.3046414977734151,-1.025837007569463,0
4.444351750106492,-2.3066822029162304,0.7596606170354199,1.419068272609052,2.0289173975025556,1
2.047116894470726,-1.270199047580864,1.4161947696600166,1.962129546561609,0.7465014663908338,1
2.4711876453439783,-2.1991514833780648,1.800965486105393,2.9156104310063995,2.4982139101537095,1
1.6232398281229032,-1.3091631031316746,2.25866641561647,1.8545128557907284,0.6661693100998312,1
2.2561483311971857,0.9201578082645359,-0.5641987338380154,-0.10271737127780378,-3.263961953807593,0
0.5603073480216254,2.3167503671234537,3.8394963311813095,2.193768853049701,-3.791434701117709,0
3.4944203376616003,-0.8193006978795347,1.2785122369999167,3.118081571746483,-2.1066589123760835,1
0.7711151623771533,2.242495884462358,4.347750403932079,3.6288244150551856,-2.7681795560286013,0
2.4745954939391055,-1.9550812756081801,1.9796082348200268,2.1010695060200146,2.1819016995683693,1
0.8375072525833156,1.5149412599004592,3.2572905953372278,3.438778749857573,-2.450807308956195,0
0.954210964730219,1.6970919389253376,3.2150108196566887,2.1531233488548627,-3.1178548282582867,0
4.128611112724102,3.1589240752404866,-0.30547838212175504,-0.3140980858902598,-1.257035889474606,0
3.152191624198461,-2.3848828947973884,2.2265170186144374,1.0441520092329515,0.38229591972294474,1
2.4223552266924697,2.4063668082956498,1.4489495878648295,1.928699851050647,-1.7627928962940942,0
3.3690555884632927,2.3649624939064915,0.22492004214208872,-0.1248831604763323,-1.8404413459527913,0
0.2271590167699773,-2.4797913992174463,3.80445256530016,1.4911224918901227,3.560556146069403,1
2.454974966513299,2.1052497268512744,2.1133381775638345,1.7206891546663767,-1.2413999675693335,0
1.637016208776695,1.7903744476996806,1.8050664572117223,2.098219271448755,-1.9699745092775802,0
2.3586452740869133,1.731018324340565,0.94038408738163,1.8256721555013453,-2.180242112065633,0
2.059998021911636,1.5267326384902264,1.9556530471201572,0.824884494991857,-2.5648138926836297,0
0.8162662416021227,-1.9944287760721209,3.0890359575569972,2.2981841595238373,2.069412712969303,1
-0.098868452973226,-2.706558588494559,2.9113888718875582,2.102139764529307,4.344377611751673,1
0.785048439356179,2.9833803465840547,5.9836021625647176,3.8493301611370283,-2.62996776898191,0
3.6630436511523765,1.8061986335317128,-1.3301330399526403,-0.26557717165320094,-1.5678801003071783,0
-1.0912772568201095,-2.059584593472461,3.0544740129889925,1.195242804868522,2.3969673967812497,1
3.884396743345572,-0.8368298698233219,0.2656058825916392,1.2742862347695847,1.3169351247263972,1
2.7438016854042733,1.5507634152305034,0.48599401476081283,1.3249839764518674,-0.9133055920006357,0
1.378721125795976,1.3004642009514489,1.3802603789558927,1.882330531798284,-2.885667711005463,0
1.9666684786680075,1.0537232792598366,0.9744461512325584,0.8497960113004337,-2.8829894537301044,0
1.1580970095277632,-2.904648816093965,5.0085555758797256,1.3804666903335383,2.3433209435795677,1
2.934905884393594,2.6359048253064152,1.852049084225765,1.2930855714752711,-0.7552604962905565,0
4.497856189897382,3.216078093304826,-0.6459347875745984,1.078141466888784,0.15912604399591146,0
2.193351615968048,1.8227747949260777,1.2300511505813074,1.4513401610356014,-2.290364133980959,0
0.9417695611040802,-1.8470204411205307,2.3009722901229535,1.8669177800998606,1.1240376350319452,1
2.440603253604319,-2.921998248378406,3.094892236101831,1.726175612912078,4.996288486134953,1
2.042744615156214,-1.2811032982268635,2.3309114267469737,2.681877546454425,-1.4863542434276176,1
2.362500131428197,2.470058810705792,2.635576561568028,2.040598261174449,-1.508545949434235,0
-1.1168531186907202,-3.951517933221087,3.7975423087969,1.2058605120751462,5.98288340141351,1
1.8747797754656155,-1.109381789640179,1.5376010058873644,1.917127901822627,0.6559224634953935,1
2.418370469244728,1.517412710128533,1.6694799009113566,2.115799590887813,-1.4279096724811815,0
2.493584432302456,1.7233993368545462,-0.39744741709420106,1.291333843876561,-1.7734517857274867,0
-0.12249426420187115,-1.9905437008940126,4.248913025013969,2.5924994879688716,1.663924965024399,1
4.366923891656084,-0.5084671929505331,1.2759657966276983,2.8430402131666614,-1.0218209187308762,1
2.0929743162482297,-1.2924594390046393,1.651991055707307,2.168341255608364,0.6322504717565096,1
2.707963988634932,2.809899725008759,1.8445021834771833,0.9735675825587142,-1.7466146060131575,0
1.6576751471291906,1.818792480077826,1.2746204129906882,1.3783872346244,-2.959879632401889,0
0.38286819148174644,-3.264667504181619,3.44508575898769,2.049996190076066,5.61043363271376,1
2.6726035026936295,2.469182902452964,1.8841137156187653,1.0249152412904006,-1.4997942047821806,0
2.6921416977077426,-1.1781334955636078,0.46665200811476315,2.317456776756012,-0.6164821988037814,1
1.9723548088973786,1.4645093470133097,0.5311367847121475,0.7686900962080425,-3.3413790267162256,0
3.3009878550717264,-2.2406068927557063,1.1500694103234101,1.2971403357723692,0.5639399157363267,1
0.33096648136056595,1.322308428541722,2.2065565119785084,1.0479463735614358,-4.644479838502932,0
-0.43753399850690355,-3.297372364301117,2.5395299842987114,1.1076208808369736,4.56417288586862,1
2.723018651291773,-1.300083257351346,0.3960020990032591,2.050189476881542,1.1393033573713571,1
2.12752348091069,-2.303580353208896,0.7881203528417364,2.1785770766665036,2.58131896624271,1
2.6832443755252586,-1.7943816121082221,2.466722845926112,2.626549107401644,0.32238333402377006,1
2.3506475561692857,1.991526137794754,1.1577005945101506,1.2122131870306778,-2.2213272075551336,0
2.651157749700819,2.8916904123328004,1.9786734315249612,2.771969060849171,-0.7767774112594632,0
2.8948434216616152,-0.844206005494943,1.672589071878266,2.114382020514791,0.31998179013638306,1
2.785419456546031,2.2457266253876074,0.8778874403639167,1.3034179698492063,-1.1580803167558358,0
2.4588051989123088,-1.4636435167011579,1.931964282843809,2.07451279078021,1.2099403678063507,1
-1.6226320096844984,-2.9966515732488572,1.978226417767681,1.5924998007591167,4.730758969111317,1
2.8944030291910234,-1.7549986042578287,1.1681487953429153,1.940851678049699,0.48996100445608426,1
0.4654697750893506,1.5645296364292738,4.18531899032007,3.5766644922181903,-2.6034578594645645,0
-1.4025220319866056,-3.0576223916775067,3.8186454553214295,1.722366809259344,4.31607874678286,1
5.319965053452955,-0.7730025017538884,0.42265121734027056,3.8091792870685413,-0.4492632091298998,1
2.905525542119849,-1.8137872628111904,1.4466618362191621,2.2594742220645654,2.4356855775507262,1
2.276082542182029,-2.811089518064056,1.2929158637984732,3.1243073066707003,4.924010704479431,1
3.6829976131485753,1.5621709016027079,-0.6274170084556299,-1.058938909969862,-1.1125810457788872,0
2.6562278327417923,-1.8739974531644708,1.880881932909422,2.2377278960623084,2.594461443468315,1
1.508212233310693,1.7288756523157356,0.6963117859431607,1.1652066708645954,-3.58004570762776,0
1.1942046659288073,-0.6851193597225727,2.3077633528363433,3.4978926386857063,1.7791192874072126,1
2.312882693287957,-2.2415619242743445,3.35506217792443,1.6978659855533476,1.0073418917600483,1
3.110949900873499,-1.6031114048046518,0.1434404156549498,0.857124529003424,-0.0714687243761487,1
2.452481646904491,-1.6115483746274135,0.9366935318534175,2.275584526689025,1.5622060865417786,1
1.9077752174227067,-2.307748579538935,2.151328796499904,0.6295672717952947,1.9428069606175304,1
2.4960495664076308,-2.373322978672144,1.1726594452470587,2.984280719404407,2.1494881254415685,1
2.6117743896096934,2.8717674012584644,1.6015956759436651,1.8851906552586772,-1.5379732557620853,0
2.099727909892852,2.0985699648569085,2.1857119195284795,1.3367994195128157,-1.5674255152656675,0
-0.2108380872513793,-2.9734941880821526,1.9735757654940176,0.8745178556611797,2.9107954540214287,1
3.494656406507236,-1.5308844195551083,2.271660587197734,2.8182907702149196,2.585478496928638,1
1.5567057166124578,-1.4062728379974037,1.4197829323535087,2.890223236669865,0.33255082409820624,1
2.507572222949951,1.955348587131582,1.4491605334454494,2.8626615114681657,-0.7362195952971575,0
2.266631730127182,1.7924923890100317,-0.0796735201178369,0.9215114057976939,-2.6626363666610326,0
2.990958582089901,1.7939652078067352,0.12423347981176747,-0.7337349641938204,-2.2467482761261417,0
1.013624155432868,-2.463544168389564,1.7074749141614831,1.4470982946588191,3.051723315857144,1
1.4514698361615639,-0.9087372366860675,3.0952509457112978,3.2806068701223996,1.426372010273116,1
4.3516823876867505,-1.6487762859963488,1.0872690118553872,2.1571736041364042,1.3545033498776906,1
2.016300337859324,2.229364923733069,1.834444283642867,1.877294957544811,-2.3620716111166087,0
0.18816138202142607,1.924806158300289,4.438340632376178,3.6222015565024295,-3.4971085243855287,0
3.717009789738751,-1.7407332738878218,2.4903959514899543,1.8998117659497153,2.4063005818146723,1
5.107443991437667,3.0339584510465634,-2.389262535522695,-2.3446498608804704,-1.5149209507491586,0
2.5378679898437797,-1.0814644304482917,3.079416190402524,1.4443954770473277,0.7456339730126027,1
3.7157347555861593,2.644167328088583,0.501320739253001,0.05156393674937476,-1.611606772989485,0
4.887365762347168,-1.1623081329874971,0.5782397461401407,3.459745695314027,1.496081792220164,1
-0.9571308598663695,-3.380993015887898,3.211135047167776,1.5086505118302989,3.7065557809086442,1
3.491483149658131,-1.4410246957359316,1.33363082688222,0.9501391820687444,1.5245630629454672,1
1.6505006239309319,-1.6890727187401247,1.5270791301999673,1.8181058996869033,2.5413625218792997,1
0.7967544936909299,-1.9479114387317034,2.025111132375261,1.7952080630306912,2.2460515422853677,1
1.2165621513541733,-2.623909496510675,0.7989131318433185,1.7497141201693616,4.937188737932303,1
4.099800951359297,-1.1710773034144477,1.2256157699417218,1.6614591530188756,-2.185208575403448,1
3.9055374110963452,-0.7741229069750615,0.0006241302246747793,2.459802991669224,-0.9804715203812977,1
1.8067004447355455,1.677303505707058,2.051447575439469,-0.02289713986536679,-3.3919791961116235,0
0.9607373277648839,1.156219143464249,2.2554575896728077,1.943090002181849,-2.6609381458749493,0
1.4145880803819177,0.6728004919561152,0.7889604882589136,0.9690963509734793,-3.4254879363503434,0
2.272493070620187,1.3904983857937945,0.5892598987071416,1.0433184194431089,-2.159810962817787,0
1.0985594724704457,-2.674482506140439,2.837779776110645,1.8621659344616057,1.9853881379390856,1
1.8201355930252183,1.2065952942623768,2.114315065113147,2.567191307705963,-1.4745183085746008,0
2.61609291905009,2.221081771394047,1.3197867246030546,2.375206668525697,-0.6653706412096045,0
1.605073609116996,2.3761729657618735,3.471740051399511,3.133013679332019,-1.462313190053934,0
0.421298416740542,1.8646458788450206,5.12237945442617,4.396110480846259,-1.7965278526690014,0
1.5480322407493041,2.1376076223616365,4.0828430456125115,3.504969056768815,-1.417589735353285,0
1.1192329755087922,-2.6297689675346425,1.5324770464656872,-0.11421934825004998,1.522145109688357,1
0.11432058373763576,-2.7571818017410585,3.8510292627455747,1.351809720651692,3.193356380986515,1
3.802420624997988,2.164061090797937,-1.9926966461211264,0.01448574688238069,-1.3486348385465396,0
1.8355386338196011,-2.6604387866307952,2.4376999698006014,0.23297784768236296,2.7051657322397427,1
0.40796443543309224,-2.603601151235334,4.382256441723945,1.538228065232015,4.32969556151218,1
-0.7509436238871277,-3.0118054079325547,3.2865014752742887,0.19072056027559903,4.3182816610977515,1
2.8581445178291394,-0.8936409894658857,1.273956651659365,2.010306083749783,0.2624697572165684,1
6.7661605143193695,0.23436481692264,-0.18775220401390325,2.7108402154335973,-3.2568821456089037,1
1.1870211369421666,1.7282828100882328,1.7657568645901063,1.2235407906994178,-3.9404616194949895,0
0.41463439387211043,-2.8717652466619663,2.003276412255988,1.0519465172585816,3.920106247638601,1
2.60021275413314,1.8605202529861538,-0.6124807461731674,-1.1734449289860769,-3.2438685409696575,0
1.8392385169447938,2.012410653217062,1.8712668540895365,0.7367162400779563,-3.362204882647146,0
0.7916542148908117,1.6918750277049202,4.065138302068676,2.3873079468991247,-3.143985790371536,0
1.7057374737926638,2.0117661213119393,3.645721569828481,3.4024209045833236,-0.9144940616364512,0
0.8067126067215322,-2.708720166678621,3.3965352590220514,3.250044227468634,2.0891246375946952,1
1.9115674004969394,-1.660325401273795,1.0458984787618024,1.3261878149182487,2.3839150660386705,1
4.0888408831464425,1.9771459022850282,-0.8636486405882997,1.8241528660926862,0.8426410221772875,0
2.2206871415294143,-1.1641506122729908,0.9515599659583491,2.958718756017146,2.0683937489677935,1
2.353776948138776,-1.9450168761402087,3.2113436415397456,2.3541600237312363,3.6710644542764883,1
1.7882450369618503,1.933807322911768,3.4493478011609335,3.322242753495058,-1.0078163445035058,0
4.101540394808534,-0.587538974627051,1.8643146880171462,2.804323642825928,-1.0609325258564164,1
1.7626591277043184,2.0414324054322615,0.5281442843681134,2.0600746055173964,-2.7409375136691585,0
0.9749109735837356,1.502265942726043,2.1413228957301906,1.9403029069086961,-3.1815222920964565,0
2.923187038828842,-1.3943083911840808,0.5199063174659933,3.097733445981137,1.6609792519498925,1
3.438847119440359,2.669454695286111,1.81238553024857,2.3795223458456416,0.1858953733375177,0
1.5418399999223584,1.3014367211066822,2.048957613711389,2.697528902175395,-2.038494174612786,0
2.0306047550109527,2.8524147732828338,3.9986183907313038,3.8729601850545046,-0.5428340903904996,0
-0.5070476080035107,-2.9952971133367976,1.2566862591203112,0.530420858392392,4.333363472156547,1
2.497338492180635,1.7186811546593221,0.507401004221208,0.9709798236397178,-1.4513920278932426,0
0.5821151817007713,1.8797653356892061,3.064617446550621,2.276153995493322,-3.7481505771177837,0
0.822958798509599,1.204535745384634,2.698037789977656,2.5048549553414468,-2.6636069976445707,0
-0.8318515227833334,-3.477227411668552,2.6280323466469526,1.0651711760048679,6.2558189797417105,1
0.3043188200586071,1.0752184138604592,2.4999258819227768,2.0846835757936573,-4.085622394689694,0
0.18604249210387125,-2.6941246986275433,3.352393140850574,1.773722403372071,4.451502256566808,1
2.9229163033297856,1.8435889910666488,1.14799200247165,0.8690833040050623,-1.2832943528947838,0
2.5424295587540575,2.2783154794387004,1.2930297274139106,1.8053134166036262,-1.9884497858190286,0
0.8953390688743508,2.670913158449813,5.091353265296409,3.4062425969560532,-2.809453701624195,0
3.3339650433907404,-1.6600878789716529,2.1358758669267064,0.9212424204086473,-1.3359941178391348,1
1.0769196459684083,0.8762814112346002,1.9636454337480795,1.313614146371974,-2.809871887412249,0
0.6668053447290516,-3.2227522923829195,2.926046409691091,0.5584861084023918,3.7913944826107278,1
-0.3868395457119309,-3.8310965208884658,4.162153561422595,1.7679742667817069,4.375673312726393,1
2.0161656698181045,1.810629312230348,2.148230052104392,2.2608923425546044,-1.805494818798624,0
2.4401379839356756,2.0073616801450247,1.478383168003485,1.45809908887899,-1.8994233681833603,0
1.1461110344848304,-3.077841596169643,1.7703100724255294,0.5306090482115149,2.124585703957711,1
1.624927042221729,1.221137806844087,1.555991011704437,1.3722247570621142,-2.3441310252798755,0
0.31693612345894073,-2.3300165530331247,2.7409405294973177,1.096367271473854,2.6358916106447037,1
3.0636382326304537,-2.0960986833466384,0.7331433095489706,0.9587219690552651,-0.23350703123450556,1
0.791615643903715,-2.578888927773116,2.3990335379472265,0.7909679174065136,2.142144449263886,1
2.262705766655816,2.3544855443446426,1.4520910401497604,0.12380978608428839,-3.2622327257178325,0
3.2080655044780126,-2.4047377796370446,-0.20166377351888753,2.927624223534588,3.6379167500980447,1
1.3559714194135335,1.9667623514399293,2.5560378843152844,2.612861673861986,-2.6341069512159416,0
2.2633047986001,-1.9308241838768367,-0.2861149447350013,2.0983281772319917,1.6638484365052983,1
1.803933087897282,1.9832518711048641,1.4315090756623445,1.4378538785518784,-3.0638976412689174,0
4.02759258222032,-1.7235539897763976,0.1928744826108828,1.7142578197301512,2.3771813644071362,1
2.746952800576964,-1.6294874722938917,1.1162800434077602,1.6593045514466152,1.6715324349500753,1
1.0553514360071778,1.347812175770499,2.071552330202357,0.4940373745207429,-4.043226725927533,0
1.9779855148453886,1.5878814622784991,-0.7000183833919134,1.7877654040308582,-2.4392569566151074,0
-0.796367920031396,1.3193197794917,4.383219418788378,2.589974191131918,-5.416511687740928,0
2.8402470572945946,1.0698990908857096,-0.9732133326454724,0.3421504459821958,-2.1620453130252706,0
1.1112617678226075,-1.6493193156261383,2.078297056135567,2.0966937032565443,3.3895317620293914,1
5.457466348375595,-1.0944379952428829,0.5436284291368962,2.600006385749949,-1.4355187380338341,1
1.9804259536011648,2.5858564391681496,3.054838756470168,4.009857474788436,-1.0125794887024662,0
0.16593530403155587,1.1256060996685742,4.47186798970925,3.5106588634435734,-3.3531274811149334,0
0.233297557160574,-2.4886360080427483,3.6484159330024424,1.7742809856965627,2.9160190889196147,1
2.1440128289932496,-1.5639762460207667,-0.024443058110443783,3.717407152127655,2.448430017020449,1
1.8573976963774403,2.078408524160293,1.9195320648814325,1.5892600820793275,-2.545148197370325,0
2.0472890397735046,1.5828175936461344,1.7969951656701966,1.3068759535034835,-2.0037498693765285,0
0.0005420275905045902,1.9244558121102642,4.921497674511425,2.9940037443507213,-3.745868954667272,0
2.0931838884055836,-1.9491957859543345,2.1626093199060072,1.0512302647138934,1.7434966669014225,1
-0.9143210322700872,-3.4755422400319373,3.033470181269397,0.1020576232005117,3.606940833946531,1
4.136446282678573,2.019413814660167,-1.0227484071373598,-0.5852955768962409,-0.9890600400933192,0
3.829302082686254,-0.43063347608532787,1.154827653976332,1.5790542770561926,-3.039286217784724,1
2.45448182645754,2.2071641668050574,0.31149771494099454,1.0601982853049754,-2.9519322259476164,0
0.5047292805009747,-2.2917927616565597,2.2994222728539855,1.7210629475523525,2.787205972505553,1
2.7088816861971927,1.9109537438198276,2.136416089167489,2.665823044930752,-0.4763798940644244,0
0.8637154431341014,1.204225204797921,1.73268067088769,1.163536164370046,-3.9515925208446965,0
5.186580387720151,-0.3838868815725569,0.7404700792186698,2.6244049448579148,-1.0787808161661276,1
0.04229890746800091,-2.654740725988074,2.4461100654885573,2.1898978980019,4.728013355568319,1
2.3028666703832434,-1.0173382133631272,-0.12117131065196318,3.815460981196641,1.525041208533112,1
3.674355115418155,2.5853860020857056,-0.05956098913523089,0.3673564488183749,-1.3264652328234026,0
4.448975551645285,2.4358098704907962,-1.354183351261398,1.3409348954203986,0.8281133190950087,0
-1.1850023523821487,-3.996292074751925,2.7553368226986503,1.6332542099887566,4.117367091886795,1
1.9658297078369888,2.482464886400006,4.067188966905092,4.937197960145159,0.11254344435106489,0
1.3814538621435397,1.0007743704354002,1.9543036266317138,2.472391887644657,-2.169381197427751,0
0.030014086836027243,-2.812578425830112,2.218281016237906,1.624509346466647,3.8024836559642012,1
0.9730319163864194,1.5378096538040016,3.6983056835152937,3.063331206693829,-2.2612085324495927,0
3.484869026104213,-1.3142787183216207,2.276251026622315,2.0268313540420193,0.299416599492321,1
5.085595518400565,-1.8838963570076825,2.4066211508093183,1.4442902293132374,1.4503745946640096,1
1.5620735158288193,-2.080613431688423,2.844435600515034,1.4252783973924943,0.4630020716727312,1
1.8990141254330521,2.628742964128448,3.906239098392063,2.6845856604826315,-1.577836224713482,0
1.7385613824179824,2.4322144083266215,3.2284280370017004,2.6027631672079856,-2.005670806090443,0
0.6465338144452697,-2.6900555028666693,3.002898727140572,1.5035375556278028,2.966995516655662,1
0.8934048050373153,2.7593791517379023,5.1786797925842585,3.9223063365791413,-2.245858694843344,0
0.8698384613205401,2.4274922957181038,4.169950463958516,2.1569193109561633,-3.9620214025632334,0
2.30912720606039,2.0090111952722878,1.5513460166074156,2.0026878731356685,-1.5690095031999518,0
1.1261199161177942,-2.596825724673045,1.3125587853828362,1.2918510542596668,3.7311873340381396,1
3.492097827257761,1.480921789088339,-1.1616281344823869,-1.3762218628451506,-1.6656987673514392,0
1.2691413775416625,0.7016540766500579,0.8783134003777691,1.5916433585363248,-2.7030642831664364,0
1.7633316573071178,2.1440594947327165,2.137983601265528,2.101591538639881,-2.016915569432526,0
2.7999132799370683,1.8727397418179894,1.9689823268211946,2.2579966401152913,-0.6154653141198319,0
1.5267467908919592,2.2730848525771434,3.267991743088759,2.3076754794886836,-2.9500844224059257,0
3.5329640047630533,-2.196214364308038,0.9925960072390376,1.4085947833390422,0.5113034740683238,1
0.5922752561773414,1.2227745201966085,3.8221749973981307,3.151407264412552,-2.8892286663155247,0
1.8416078309485862,2.5314722564266643,4.323765059744191,2.1797586424519437,-2.315698492776416,0
1.5135618732436826,-2.258814803213372,1.9549970007672197,1.5173357082013539,2.729431884296422,1
2.435502456990125,2.3290249749373175,4.084350321521405,4.516093236389713,1.0426901882290576,0
2.81789976668027,-0.7272639494592681,1.3252476914438596,1.309472594831798,-0.698428762355281,1
3.002951603259846,-0.8753313316819831,0.9660191495847674,4.573813763122104,1.4881185287333474,1
1.6500057550801102,2.092841984592117,2.1481779192319017,1.9160403112940967,-2.4924392276214085,0
1.36922328278076,-3.4505058893814393,2.919081506686316,0.02886710399513781,4.234233112183947,1
2.015769756371493,-2.04468500738228,3.2955869783273437,1.0043511304393873,1.3269493592361035,1
-0.15882910970554676,-1.983867765077298,2.7785310865145325,1.5606220719855561,3.7269388042015184,1
1.279830758557849,-1.299754153671235,2.353026372025683,1.998035671726942,2.932278338342115,1
2.4209124213352986,2.1909519903790224,2.8790234127512004,2.752265761904159,-0.6780000172667946,0
1.9255442572043413,1.5332745960011933,0.664037762342536,0.5832172740738342,-2.7489064698762133,0
2.071504860116232,-1.744581293121909,3.570558958210702,0.8259501249757728,0.18223444972941327,1
1.417203767607528,2.3394368339242497,3.578669118874638,3.1255219262732985,-2.4242195749400564,0
2.44471930993661,2.8561362644578483,1.0936797803868434,0.8123130607245241,-3.2697653694073097,0
2.426996607213058,-2.3565535755822955,1.349439753577264,0.8067947164737979,2.068388498090261,1
3.3229633163324253,-1.6056024931650632,2.3064315037820444,2.2371505230885447,2.5084790731670976,1
2.135959926777563,-2.9281353366602447,1.9256870453392976,0.39927928118285205,1.8793941549860766,1
-1.4173067184972692,-3.458683451215732,1.9306582221021544,0.4564890336310987,4.913412469086276,1
3.376794433192382,0.2265057778025077,2.0647033271542865,4.2491240379595965,-1.0208780296893165,1
-0.973811735325536,0.4511199500779848,4.020043091893289,2.8212718235371406,-5.258034389016135,0
0.8191955613441599,-1.916715482631274,2.8246297107688374,0.4745327243503794,-0.09174641163633845,1
5.850133183788014,-1.4530110945991006,1.695306804725936,2.8511800589575644,-1.2657425658421335,1
0.15347101385547735,1.993936725825771,5.022248545834543,3.8567940046220768,-2.9784532120456544,0
3.226230569932914,-1.5406143215690755,2.4383329221259964,3.4719625872684983,1.8606738892627162,1
2.7152705881237806,-1.0622607085055107,2.5888831901435023,1.3724406611991686,-0.8497486739243394,1
1.7567530535788767,1.5749054154326694,0.7787682361838959,0.14665775965395556,-3.3362681387722692,0
2.4506403661975407,2.281030081121705,2.402225756273732,1.6200382869459058,-1.247510294556122,0
2.4412703638311113,2.5586249094782727,1.8479616229659581,1.334303602805627,-1.9760579019697686,0
2.16263228884868,-2.2372517732581167,1.4731546992755642,1.5431223081393375,1.853391918608607,1
3.75056403562778,2.4843383174499847,0.25575169991354496,1.4325569488797298,0.0781526847663292,0
2.1365231196024626,1.6575928713679788,2.716414705159208,3.0935780307390335,-1.1324190696022893,0
2.040816756264046,2.074510805066391,2.829063936079538,1.5546654791959842,-2.1203231895021752,0
2.2887291605058877,1.2747757546398686,0.22268762380946971,1.6855131657070057,-2.0767773763865294,0
2.78901454006731,2.5735994600037237,2.109978369752755,2.3554871999944345,-0.7050837083238208,0
1.8109850063393984,-1.0449654417673626,0.014783098724658439,1.8501881714743347,1.140077776052637,1
0.24589878170885227,-2.907789009124085,3.958998595674651,1.8939364510327144,4.940146271581526,1
1.1542991321450922,-2.9937165831711687,1.668242068190004,1.7851376290196532,3.5450850171630193,1
3.4657574845539765,-0.6388503946508379,1.5283544017440067,2.2752165914069087,-0.2584270440517695,1
2.1073955911124664,-1.4288349221955612,0.07201839227018936,2.277272229259195,1.3827734099226787,1
3.2531131340832014,0.6993621883110708,-1.9845862842217397,0.6192571334572656,-0.8747545976525437,0
1.3339583268170498,1.3851467653439293,1.0414526945659146,1.1782140163048058,-3.2987977959813435,0
2.628307316125305,1.6717991683675961,-0.7685826846983841,-0.009723514188829885,-2.1877446609290443,0
1.7084367711645103,1.8582724878092074,2.325259243899536,3.688717463218654,-0.8173972733567292,0
2.996009658390841,-1.788682815795333,1.879498488283099,1.8385278958649514,-0.7502759422641447,1
1.990047848251365,-2.4244036924195376,2.958036438819123,1.93151254227783,2.691910950852494,1
1.4188287568953317,1.104101673745033,1.6754703041106662,2.095041243684764,-2.023487038311703,0
1.0528710766128633,-2.3023999472757586,2.37368271108638,2.757174674794593,3.1094806255630862,1
4.414839582377596,-0.31905229266561674,-0.322940230789563,3.669853897630794,1.3050575483558866,1
1.9164817821296922,-1.1313287824461975,1.006907733709023,2.9883824215791286,3.5856186615504098,1
3.274342371172281,2.5078411638527305,1.1619739839592946,2.8232345881998664,0.5570127911028959,0
1.8810054928148952,-1.9905581772841383,2.7766702620832087,1.3161972418030374,2.6047283647164816,1
3.0703235888133316,2.4976151224245933,1.4387799621615944,2.464586972715652,-0.40833284867673547,0
3.329580360541881,3.664648649438,2.5294779292570433,2.542889952227867,-0.5389467901804337,0
1.626458816493907,2.4048765952736866,3.9191616936310716,2.865673322686523,-1.6395924006977305,0
1.133525689079051,2.5965895528046117,4.731827355618798,3.4572361329891828,-2.103918670619322,0
2.955780745465429,2.3023513303519394,0.710036540597643,2.4340794750695416,-0.7333714300537417,0
-0.5883725708304759,-3.4784766418610484,4.112610004416371,0.10303308083506701,3.932284943247509,1
3.07001740145215,1.9458819124888647,0.026817841999558167,0.6403161462907849,-1.4837592271670026,0
3.758992291321613,3.3540856344468644,1.0778908261487903,1.194977091040986,-1.1450737978811016,0
4.679896871467792,-0.7515803168348236,0.8731289947460792,3.848350210936834,0.5391319764978011,1
1.1348643022363005,1.3554125833793864,3.2948557418083606,1.9503335133942934,-2.7609332104007525,0
-0.46306859606525563,1.6219252742134398,4.4278431009920585,3.8452004233853305,-4.300389390276594,0
2.2606646806984547,-1.1874335184820088,1.7406551947560829,1.760777376752332,1.93384620917106,1
3.7646534575460024,2.7160631740128256,0.020407529145684,0.8313705930239299,-0.8370207178763673,0
0.6490112866046616,-3.4473727890842225,2.0002178172393292,0.928196399818539,3.710123706781123,1
3.2520699300038345,-0.06323963946479716,1.522356044776377,3.8755752649188153,0.21016538918138528,1
2.542385451879153,2.694214263303318,2.9271681245400964,2.903749281370823,-1.1368442725539145,0
1.3655048280074324,3.1634566296516367,5.397117592707804,3.881849133289527,-1.5440028958433836,0
1.7049523720344921,-2.6810556752281567,2.0610217620217584,1.117918382170813,3.341926856078014,1
1.9519847101559995,2.0779409309698855,2.078119273772198,2.1654440205078127,-1.7653067847316806,0
0.1868870587467506,-2.3304633523106832,2.2600066673941726,0.7790610686281909,2.8717753257610883,1
4.5608102924554865,-1.1505525370669385,0.7426316313524954,1.8122764087592422,-1.2639720137314967,1
2.205792330782497,1.4266866594450898,1.0177264777079864,2.4759637054970343,-1.0369854285843076,0
0.6111691857981876,-1.372659731574382,1.7350925299102764,1.474029767675316,2.5372141657310894,1
2.767423627985394,2.201165979535826,2.635205149230528,3.59890684035246,0.33941933784631084,0
1.100200782891132,-2.6706969915334127,3.133585128662984,3.1307237144799185,2.8076891419278875,1
-0.09805826815908514,-2.5234251608813576,2.8213875269915905,1.3044747968437078,1.2607967108923765,1
-0.4813375424895776,-2.519943787430541,3.45209752541646,0.928775423109121,3.4745475601630824,1
3.722126890601305,-1.7787589876710082,2.80114260418749,1.873857959635344,-0.23952757897559884,1
0.05870287240617045,1.2831788488732006,3.3069896941013743,3.2620356605317524,-3.7530246392952717,0
1.9681523822571352,2.391235839606512,2.583406722750852,2.562872416533033,-1.9952730380524435,0
1.654031426963091,-2.406209938672895,1.8633458388620092,1.5792047442160575,3.257952622483043,1
-0.854503015776058,-1.618912858208994,2.396267016602243,0.7906706525509102,0.7673401455483249,1
2.7748972608742473,-2.339533058389959,2.1113394429238856,3.148512852694717,4.109130659900822,1
1.6702434311798997,-1.9436904965068296,1.9825666177596426,1.6223683943152922,0.6108345201020768,1
2.667648204251693,-1.3974563424181476,-0.13665245805549242,2.1701426114585516,0.7794073463308573,1
4.461859261801174,-0.8676371105039025,-1.313933079370588,2.8126250210050534,-0.49523519594759513,1
1.9914756449677795,2.198034547165307,3.1021763636537405,2.6072726679591254,-1.5537644087910023,0
1.2960548285674105,2.9678429447791084,5.241927816903644,3.460533440473654,-2.1772185729835822,0
3.3734777932501885,-1.2799844666323998,0.9224606491480642,3.0282744566595534,1.2239738778129436,1
2.8071027414203087,-1.9189006660500274,0.9926043843132273,2.324840337970349,2.0128377565673716,1
-0.17243792725445006,-3.544845618730003,2.090846384210254,0.20922519553411312,2.782643572559696,1
2.224116568590017,-1.529244721808897,2.483505204243662,1.1071164284096682,0.7940643520673294,1
2.622864406351631,-3.2619715462672603,0.7861981348504461,1.193131749750346,5.0771324223048895,1
2.2357145849889717,1.2472462312436803,0.2057478763815721,1.0624235537884266,-2.252587537000601,0
1.160635686607797,2.7640681093034782,4.250192022426332,3.64352395343037,-2.1725819888570035,0
2.0988875903903814,1.0645543986764996,0.4417763150774088,1.2564604746395027,-2.295136699891665,0
2.5395387558368125,-2.6320068976628606,2.4432904622419915,1.3189641642318173,1.6549417235371067,1
2.1419881489996127,-2.8378743003710003,1.2002334551702296,3.009128556852197,4.928472687733844,1
2.198029435703146,2.3516816581287725,2.4555727207238225,2.4568059529581974,-1.7813399903038962,0
-0.24072069822123465,-3.014775438978481,3.6026628095609867,0.27912195106380455,2.9104824374847356,1
0.8372824087667592,-1.4508261158574776,2.248911129798344,2.4538244509488916,1.76508747051893,1
3.030256219918415,-1.5078814832384855,2.1424677422096807,1.3180863714433615,0.35398564196398485,1
1.3350646661826957,1.8983661306693798,3.0846554799560613,2.6370020135498424,-2.2206260362511787,0
2.689091046857427,-1.353065622214972,1.2145929946712655,1.132942444049784,1.1968736990674738,1
2.909130601183128,1.8472139650387482,-0.035700795406192753,0.1596357611457273,-2.1081705093089913,0
2.753862817129373,2.3115937670046787,0.7212220351251823,1.3174812799431412,-1.7376404774464893,0
2.2173763525768373,1.7423951208046302,1.5144055140959172,0.8617696580907577,-2.4179126065545504,0
3.146768353976431,2.6154681849035337,1.6323051596641756,1.8479081632249303,-0.38514644040785306,0
2.0819874605420656,2.1478653405502883,2.1447068758973815,1.4462367328256942,-2.5413662952148313,0
0.8361567018650915,-3.397849787579612,2.324243126892091,0.3560376371248921,3.424511129913647,1
0.5152591447940642,1.4259459594766892,3.1214755069916613,1.4348353920653043,-4.426441113700697,0
2.1222982870765583,1.723260200221526,2.7983839818718943,3.2959958773315665,-0.4832826039732101,0
1.1007855369763817,0.5382179885823939,0.8665371913272943,2.0771659278537817,-2.713477242705233,0
-1.287284695496163,-3.423882814203605,4.172369849360146,0.2398769820543294,4.196404937553126,1
2.2296458437186666,-2.615693867599539,1.9590836438860624,2.389471582596945,2.3490689550231614,1
0.7734288959083042,0.8559631477215339,1.4671612094848738,1.1134931217132005,-3.33003222059127,0
2.992737625793357,-1.7160763875500964,1.9913602788414524,1.583474698563575,1.245144738985514,1
2.73217579136516,-0.6692442344816163,0.8674805799613479,3.710709230177506,1.2822855555167534,1
3.44736068141344,3.190484683140876,1.9527725082556102,1.7046457296938384,-0.6543568904474526,0
1.6599136804876167,-1.0155574162333132,2.441993369933431,2.4417408086855215,0.10496683265032614,1
-0.2535837870522135,1.9824088981528654,6.608411850136866,5.493121549153288,-2.5171134252154,0
2.1739903051649763,-1.552149070396287,2.489019903266488,2.3379789879349135,1.6652039882953968,1
1.4776010631750016,2.3663090413742633,3.0242400277085792,0.9006343385905382,-4.040378119874826,0
0.6351518048816345,2.388990318377597,4.923133803216119,3.5428004432698414,-2.7096394145024902,0
0.8097870095049668,-3.0728546993563475,1.8003788858797147,1.1706174258593856,4.313301037290637,1
2.235947010763033,-3.0674995533098963,2.686063444937398,2.2723520540662094,3.890049755907161,1
5.347000993942128,-1.1032031036013934,1.6061562815071575,3.448712118811669,0.21504931764239998,1
1.2998660133470061,1.5341756012982057,2.386999435947315,1.4886503728063762,-3.4579933835327528,0
3.248632866070463,-2.086767658005895,1.8457264017985606,2.234295390780091,2.041664231000755,1
2.6087355409192137,1.939711826547891,2.0156021706574174,2.174583833145179,-0.6209202873152164,0
3.047661775172344,1.7579030767944004,-1.127429184343494,-1.092992841786753,-2.612110965965121,0
1.9124639020497194,3.0232005708771146,3.857559017209598,4.747259697874647,-0.585514194732266,0
2.0680278669765646,1.5663504347840895,2.0512223681841535,2.8673334849986905,-1.370503125029051,0
2.131278145496418,1.4235283940181869,0.1470100724183605,0.16891436776297541,-2.854756883683657,0
1.6460853607622101,1.725049940299656,1.8237783493336484,1.0118645902163692,-3.173845598435145,0
3.973837699431588,-2.033921983272104,2.29603036770478,2.028002868275307,1.1549920865792846,1
3.0087879138678195,-3.6169835798750256,1.8889482864480052,0.8037726369201035,2.6365744730851075,1
2.363653154949471,2.2309667897022307,2.097662045215939,2.397042713048661,-1.174815379291783,0
3.6549138954813465,1.76210890588008,-0.88160955518343,0.3277958737421791,-0.8745129186531351,0
3.8152020306017898,1.9406566030123575,-0.4965053906064192,-0.014429171173517386,-0.4199879839992977,0
2.60240481578213,-2.0183996696199777,2.9452810967420646,1.7917810561028331,1.52392162388617,1
2.399169138631035,1.3895333555437057,-0.9025072197378279,0.4373886659303592,-2.9545665392467506,0
-0.4850019648895141,-2.7340246195660445,3.267273089910952,0.14584220150644644,2.4423766230734647,1
2.9264696538130552,1.0633617131213642,-0.08002492395757077,0.0031346115059684987,-1.4031288868938427,0
1.4077462004986045,1.0605326747379646,1.7920276624172544,2.8243792656843705,-1.877834578691503,0
2.022263319549782,1.6997359529247098,2.437327411934258,2.721606726474757,-0.7762587773315848,0
0.4006844677039276,-3.339960947910493,2.981996973618379,1.506525280406016,3.7562099736227275,1
0.23362992748249822,-2.81420345367722,2.1099240055393813,1.9762809712178526,0.8184738488881826,1
4.019682866921476,-1.248429544900161,1.8063073340550753,1.8360332351421218,-0.2735547316472662,1
1.6274138964702736,-2.432949349381543,1.980274912707228,1.9804081369743973,2.5504723982701667,1
1.1448530146081661,1.3860249594017708,3.0488099417505423,2.3274951766689433,-2.7565412008949837,0
3.0845732364965635,2.130672512908559,1.5897262561936818,4.068873732270444,0.8850954318253739,0
0.12611014790431274,-2.276758280711804,1.6999549066180715,2.098507083327661,5.351806754515297,1
2.6272613223645815,-0.9404295789860808,1.98585182458357,1.0579548308329594,0.28590472052888427,1
3.289993512056332,2.8037125227147914,1.9775502100761564,1.582608915043678,-0.5268234319406269,0
2.4367374744142616,1.9997051542915274,1.2054787124926472,1.9750096418742658,-1.590958629347354,0
1.5500547079999887,2.701536338160768,2.6477982986543482,1.6126675360424512,-3.647659490509212,0
5.185022304165464,-1.5883610715834884,1.6997425841396954,3.638639964402935,1.3738133335031042,1
2.342075444621965,2.006851073596591,0.9042256901262495,1.4105677451374556,-2.0867942757309974,0
2.5866390018879484,2.1574503636396547,0.5049487654473268,1.1022852031979138,-2.515461433708798,0
2.893453994398463,-0.8197380331396567,0.8046960742671385,2.6447518599130406,-0.2866372416879348,1
0.7265526380938576,-2.8500353594265726,2.04248489903784,2.1565289487020856,4.205207214645593,1
-0.5848850245648176,-2.1124950967840848,2.478531202894132,1.3863145863720887,3.47448347558913,1
2.090871326627647,-0.9422681778872675,1.7772571547983886,1.6792378786582183,1.8353260983318527,1
3.0837457545206695,1.5814874837468644,-0.8407563546581023,-1.5770591941609897,-2.585183546236942,0
0.0770778410222781,-2.1350500570229696,3.0886563866243586,1.3524162088921015,1.3175776872975182,1
3.9359660020861265,2.331912406815183,-1.5619333690704447,-0.6020146635774535,-1.4474492588783825,0
1.7773872511810977,1.8379514242934727,2.0013485334758108,2.7373803185408265,-1.6226196600552965,0
0.7964680253127949,-4.642268824010931,2.2135301427819782,1.5945062031615747,7.081657205488539,1
4.210251256372969,-0.555234341810309,-1.1752080212147336,3.2464659684935238,0.587597263029445,1
1.2150947532851422,2.878423386784148,5.577314353400679,4.34792687262762,-1.5975699338310363,0
-0.20106659944081828,0.6818476655200099,2.1574258231919106,2.3872488631038853,-4.3566262890999035,0
2.542551687140662,-0.43943000964874357,0.212428282594183,3.7424609694908266,0.07781560105780083,1
3.3874381081457505,1.7969634803521886,0.08435361461658664,1.5214501678620715,-0.5939330570179757,0
2.305212940506362,2.456123594906103,2.267050275429721,1.6412254938848094,-1.985717468062936,0
1.2382489199508462,-2.2093276814649645,2.5429888740773308,2.824057751433066,1.7491199468377792,1
4.795384798652227,-1.5376444728960348,0.9890779080760255,2.343668320947985,-0.5648045956777139,1
3.1072346118192895,-2.000500110614955,0.6852126052137788,1.0334233953069805,2.7257005687661673,1
0.2540506132581619,-2.875822926492712,2.8386001896638504,2.043941020263964,4.102167455567145,1
3.335182548337511,-1.2118559427197626,2.655829879228398,1.7546489240609258,0.593413975911,1
1.4648294425810513,-2.2397974460863894,2.3788929135455827,2.148604936728813,2.3689052659029604,1
2.6508416815208604,2.3387663790493005,2.5314139746721445,2.48562760390525,-0.8531920534565061,0
5.1329257903141166,-0.8649384768754758,0.17720212857861717,2.8768014353469407,-1.7325836165245811,1
0.057398966555292974,2.6412976314518954,6.241803196764483,4.686216082797946,-2.535871378973596,0
2.804733555786812,-1.2216441707839272,1.8535454228127761,1.62866479812118,1.5644953043104899,1
1.8929126933796157,-0.9274517659419095,2.0309652601896073,2.3636573419539717,0.7651446822522108,1
0.4353591444506484,2.616697204369455,5.781310109034276,4.638629100576133,-2.5417047692833283,0
0.47184780295835904,-3.566518913086179,2.6562590002767212,2.20932720391106,6.279705304228087,1
2.366613827554107,2.542768776565256,1.5321508792853051,0.7349177276918675,-2.7764569115231605,0
-3.6163293377236387,-3.2769584854844283,3.7743610159566,1.9562823956013795,6.165487830574533,1
4.388181561936181,-1.9406963584016437,1.0744851731343883,1.645974156505702,0.26693489934306247,1
1.788675912539156,1.7640751170946531,1.6204348444345125,0.7774525278232673,-2.654944694767143,0
0.34799555539209504,-3.1000116189348237,2.279796089739885,-0.09185237571209726,2.081623056520874,1
0.3910884630019944,-2.4189513789294113,2.1521403894615547,2.6616710122319427,2.78286142292228,1
2.1567374437671702,-1.939927986533568,2.912682083394097,2.2970994589184417,2.7365143977837345,1
3.6942353659720704,1.622186539969295,-0.9637708217099599,0.6316552855371369,-0.4896582159880747,0
0.4201352050425846,-2.4988228333153892,2.1716106546998857,0.1020818719890011,3.710620353277503,1
0.9827824335132553,2.051310981487338,3.5338976617248727,3.5604758494394817,-2.1487433700816814,0
-0.9289139458565967,-4.337659415451119,5.205073273650883,-0.2891161953099042,5.06959793128354,1
1.4692537146701272,1.8223054544469555,2.37608626670358,2.9460159031055904,-2.0659283239842967,0
3.8880898027408985,2.5117003640479725,-0.059216586357575096,1.2534142124974466,-0.05616245013217913,0
0.09503432324360372,1.506264624929445,3.6541108164898786,3.882276367808334,-3.042513905979356,0
3.5567793571746344,-1.5403745895577041,2.101866831710334,1.4787104606764654,0.6388112869979046,1
4.296275841660275,-0.8281206494005431,1.244457213104028,2.083644763881777,0.03202077887733856,1
3.930745257580861,-1.869745218470211,0.8084503437338189,2.4126907161237185,1.4614725992526094,1
-0.4702473946422341,0.9780826100548339,4.548860211518644,4.095855006194288,-3.4637824854641814,0
1.1822578707661617,-2.7944503612498135,2.54600740003098,1.9852333587051092,3.391075174365095,1
3.156054740711399,-1.5450010571445496,0.6278001100029875,1.794270720238773,-0.41964630083442067,1
0.49880226751911283,1.3842199248172706,3.679319180264664,2.4339273798047865,-3.5303327406639156,0
